case_id,Case Status,Unnamed: 2,Product Phase,Concept Year_year,Concept Year_year_raw,Concept Year_year_qualifier,Prototype Year_year,Prototype Year_year_raw,Prototype Year_year_qualifier,Commercial Year_year,Commercial Year_year_raw,Commercial Year_year_qualifier,Patent mentions biomim*?,Academia or Industry,Company or Institution Name,Innovator?,Product Name,Product Description,Aerospace or Transport?,Mimic,Mimic Description,Sustainability?,Kingdom,Group,Phylum,Mimic System,Mimic Subsystem,Mimic Suprasystem,BioM Intensity,Bioutilization?,Species Utilized,Is this product Biomimetic?,Is this an Ecosystem Service,Process Type,Source(s),"Do the official or commercial product descriptions or journal article by developer mention inspir*, Biom*, Bioni*, or mimi*?",Third Party,Product Biomimetic Description Word,Word Category,Country,Continent,Unnamed: 73,Unnamed: 74,Unnamed: 75,Unnamed: 76,Unnamed: 77,Unnamed: 78,display_name,biom_type_function,biom_type_form,biom_type_process,biom_type_interaction,biom_type_na,country_iso3,country_name_canonical
1,"Complete, with interview",,No longer in development,2009.0,2009,,,,,,,,,,Monash University,True,ANT (Aid Necessities Transporter),Disaster relief vehicle.,True,Ant behaviour,Mimics the way that ants bring resources to the colony efficiently.,False,Animalia,Invertebrates,Arthropoda,Population,Organism,,0.0,False,,True,False,Design to Biology,"www.behance.net/gallery/A_N_T_--Aid-Necessities-Transporter/597216
www.thedesigncritic.wordpress.com/2010/07/13/student-spotlight-bryan-lee/
www.monash.edu.au/alumni/find/profiles/stories/bryanlee.html",True,,Inspiration,Inspir*,Australia,Oceania,,,,,,,ANT (Aid Necessities Transporter),True,False,False,False,False,AUS,Australia
2,"Complete, no interview",,In Development,,,,,,,,,,,,"Ohio State University, College of Engineering",True,,Coating for boats and other aquatic vessels that will increase buyancy while decreasing friction and drag.,True,Water fern (Salvina molesta) leaf surface (eggbeater shaped hairs),"Enginers re-created the surface of this plant using plastic. The hairs allow for air to be trapped (creating buoyancy) while also ""stick"" to water (allowing the plant to remain still while ontop of the water. ",False,Plantae,Plants,Pteridophyta,Tissue,Cell,Organ,1.0,False,,True,False,,"www.engineering.osu.edu/content/bharat-bhushan
Hunt, J. & Bhushan, B., 2011. Nanoscale biomimetics studies of Salvinia molesta for micropattern fabrication. Journal of Colloid and Interface Science, 363(1), pp.187–192.
http://www.treehugger.com/clean-technology/plant-eggbeater-shaped-hairs-inspires-new-waterproof-coating.html",True,,Biomimetic,Biomimet*,USA,North America,,,,,,,,False,True,False,False,False,USA,United States
3,"Complete, with interview",,Commercially Available,1981.0,1981,,1982.0,1982,,1993.0,1993,,True,,HydroMentia Inc,True,Algal Turf Scrubber,Solar-powered water treatment system that pulses contaminated water across algal screens.,False,Coral reef wave action (oscillating motion),"Algal turf scrubber pulses water over algae, mimicking coral reef wave action.",True,,,,Organism,Organ System,Population,0.0,True,"Algae, Diatoms, Bacteria",True,True,Design to Biology,http://www.hydromentia.com/Products-Services/Algal-Turf-Scrubber/index.html,True,,Mimic,Mimi*,USA,North America,,,,,,,Algal Turf Scrubber,True,False,False,False,False,USA,United States
4,"Complete, no interview",,Commercially Available,,,,2008.0,2008,,2009.0,2009,,False,,Filligent HK Ltd,,BioFriend ™ Anti-Microbial,Molecular technology that binds viruses and bacteria and can be applied to textiles.,False,Human cell receptor sites,"Mimics the sites on human cells to trap bacteria and viruses, then disrupts their cell walls.",False,Animalia,Chordates,Chordata,Organelle,Molecule,Cell,1.0,False,,True,False,,"www.filligent.com/public/productsDetail.php?pageId=98&categoryId=2&productId=25
Tiliket, G. et al., 2011. A new material for airborne virus filtration. Chemical Engineering Journal, 173(2), pp.341–351.",False,"Ask Nature
http://www.asknature.org/product/4535c47d225d0585cd4139133629f19d",,,Hong Kong,Asia,,,,,,,BioFriend ™ Anti-Microbial,False,True,False,False,False,HKG,Hong Kong
5,"Complete, with interview",,In Development,2005.0,2005,,2013.0,2013,,,,,False,,BioPower Systems,True,bioWAVE™,Wave power system.,False,Underwater flora movement,Mimicking the physical characteristics of  sea plants and how they move to create a product that could withstand large amounts of force (from the ocean) while still absorbing energy. ,True,Protista,Other,Heterokontophyta,Organism,Organ System,Population,2.0,False,,True,False,Retroactive,http://www.biopowersystems.com/biowave.html,True,,Biomimicry,Biomimic*,Australia,Oceania,,,,,,,bioWAVE™,False,True,True,False,False,AUS,Australia
6,"Complete, with interview",,Commercially Available,2005.0,2005,,2005.0,2005,,2009.0,2009,,False,,WhalePower,True,Tubercle Technology,"Fan and wind turbine blade design, with bumps on leading edge of blades.",False,Humpback whale (Megaptera novaeangliae) fin,Bumps on fin of a humpback whale which increase power at lower fluid speeds and produce an increased lift efficiancy.,True,Animalia,Chordates,Chordata,Organ,Tissue,Organ System,1.0,False,,True,False,Biology to Design,"http://www.whalepower.com/drupal/?q=node/1
http://www.gizmag.com/bumpy-whale-fins-set-to-spark-a-revolution-in-aerodynamics/9020/",False,"Ask Nature
http://www.asknature.org/product/49269092db17515de04ac92a75f68bb1",,,Canada,North America,,,,,,,Tubercle Technology,False,True,False,False,False,CAN,Canada
7,"Complete, no interview",,No longer in development,,,,,,,2014.0,Expected 2014,expected,,,Akermin (ceased operations 2016),,Biocatalyst Delivery System,Stabilizes carbonic anhydrase enzyme (CO2 absorber) in a synthetic polymer film.,False,,,True,,,,Cell,Organelle,Tissue,,True,Carbonic anhydrase enzyme,False,False,Biology to Design,"www.akermin.com/home/polymer-technology/
www.chem.utah.edu/faculty/minteer/research.html",False,"Ask Nature
http://www.asknature.org/product/6896ceb821667a9a9e35f74f76c49082",,,USA,North America,,,,,,,Biocatalyst Delivery System,False,False,False,False,True,USA,United States
8,"Complete, no interview",,In Development,,,,,,,,,,False,,"Becton, Dickenson & Company",,,Amorphous silica nano-capsules. Product embeds glucose-binding proteins within an amorphous silica sol-gel matrix to stabilize and protect the proteins.,False,Diatoms,Formation of amorphous silica by diatoms to bind biomolecules.,False,Protista,Other,Heterokontophyta,Cell,Organelle,Organism,1.0,False,,True,False,,"www.asknature.org/product/7c33388961d6174e1ffb19fb2fc4ccdd
www.bd.com/
",False,"Ask Nature
www.asknature.org/product/7c33388961d6174e1ffb19fb2fc4ccdd",,,USA,North America,,,,,,,,False,False,True,False,False,USA,United States
9,"Complete, no interview",,In Development,,,,,,,,,,,,"Teledyne Scientific Company

University of California, Los Angeles, Department of Materials Science and Engineering",,,Viscous layer that has continuous self-shedding capabilities and chemically breaks up fouling material.,True,Pilot whale skin (Delphinidae skin in general),"Gel coating surface on Delphinidae skin, specifically the hydrolytic enzyme that initiates a desquamation process.
Researches specifically looked at pilot whale skin (Globicephala).",False,Animalia,Chordates,Chordata,Organ,Tissue,Organism,1.0,False,,True,False,Biology to Design,"No mention of Product or developers on the Teledyne website.
Ganguli, R., Mehrotra, V. & Dunn, B., 2009. Bioinspired living skins for fouling mitigation. Smart Materials and Structures, 18(10), p.104027.
Baum, C. et al., 2003. Surface properties of the skin of the pilot whale Globicephala melas. Biofouling, 19(S1), pp.181–186.",True,,Biomimetic,Biomimet*,USA,North America,,,,,,,,False,False,True,False,False,USA,United States
10,"Complete, no interview",,Commercially Available,,,,,,,,,,,,"University of California, San Diego, Scripps Institution of Oceanography, Skaggs School of Pharmacy and Pharmaceutical Sciences

University of Arizona",True,,"Accelerated antibiotic, and biomolecule synthesis.",False,Sea sediment bacterium,Chemical synthesis pathway of a natural antibiotic produced by a Hawaiian sea sediment bacterium. ,False,Monera,Other,,Cell,Organelle,Organism,1.0,False,,True,True,Biology to Design,"www.pharmacy.ucsd.edu/faculty/moorebio.shtml
www.scrippsnews.ucsd.edu/Releases/?releaseID=837
Cheng, Q. et al., 2007. Enzymatic total synthesis of enterocin polyketides. Nature Chemical Biology, 3(9), pp.557–558.",False,,,,USA,North America,,,,,,,,False,False,True,False,False,USA,United States
11,"Complete, with interview",,"Discontinued, was Commercially Available",2007.0,2007,,,  ,,2013.0,Pilot scale production by end of 2013,,True,,Aquaporin,True,Aquaporin Inside™ Technology (AIT),Aquaporin membrane technology used to filter and  purify water.,False,Aquaporins,Water filtration membranes that use aquaporins.,True,,,,Organelle,Molecule,Cell,,True,Aquaporins,False,True,Biology to Design,www.aquaporin.dk/,True,,Biomimetic,Biomimet*,Denmark,Europe,,,,,,,Aquaporin Inside™ Technology (AIT),False,False,False,False,True,DNK,Denmark
12,"Complete, no interview",,In Development,,,,,,,,,,,,"University of Southern Mississippi, School of Polymers and High Performance Materials",,,"Artificial cilia copolymer film that has thermal, chemical and electromagnetic sensing abilities.",False,Cilia,"Artificial cilia involved in particle movement, sensing, and motility.",False,,,,Organelle,Molecule,Cell,0.0,False,,True,False,Biology to Design,"www.usm.edu/urbanrg/research.html
www.usm.edu/polymer/faculty/marek-w-urban
www.nsf.gov/news/news_summ.jsp?cntn_id=117670&org=NSF&from=news
Liu, F., Ramachandran, D. & Urban, M.W., 2010. Colloidal Films That Mimic Cilia. Advanced Functional Materials, 20(18), pp.3163–3167.",True,,Mimic,Mimi*,USA,North America,,,,,,,,True,False,False,False,False,USA,United States
13,"Complete, no interview",,In Development,,,,,,,,,,,,"Jiao Tong University, State Key Laboratory of Metal Matrix Composites",,,Artificial inorganic leaf for hydrogen fuel and solar energy production.,False,Green leaves,"Mimicking the nanostructure of green leaves, specifically Cinnamomum comphora, in order to copy the process of photosynthesis.",True,Plantae,Plants,Anthophyta,Cell,Organelle,Tissue,2.0,True,Anemone vitifolia,True,True,,"www.en.sjtu.edu.cn/research/centers-labs/state-key-laboratory-of-metal-matrix-composites
Zhou, H. et al., 2010. Artificial inorganic leafs for efficient photochemical hydrogen production inspired by natural photosynthesis. Advanced Materials, 22(9), pp.951–956.
Zhou, H. et al., 2009. Biomimetic photocatalyst system derived from the natural prototype in leaves for efficient visible-light-driven catalysis. J. Mater. Chem., 19(18), pp.2695–2703.

",True,,Biomimetic,Biomimet*,China,Asia,,,,,,,,False,True,True,False,False,CHN,China
14,"Complete, no interview",,In Development,,,,,,,,,,True,,Nanotope,,,Artificially directed biomineralization of bone nanostructure.,False,Bone formation,Biomolecules called peptide amphiphiles mimic the way natural collagen scaffold helps to guide bone formation.,False,Animalia,Chordates,Chordata,Tissue,Cell,Organism,1.0,False,,True,False,Design to Biology,"http://invo.northwestern.edu/start-ups/nanotope
http://www.matsci.northwestern.edu/people/faculty/profiles/samuel-i-stupp.html
http://stupp.northwestern.edu/research/index.html
www.nanotope.com/ - compay website does not work
Palmer, L.C. et al., 2008. Biomimetic systems for hydroxyapatite mineralization inspired by bone and enamel. Chemical reviews, 108(11), p.4754.",True,,Biomimetic,Biomimet*,USA,North America,,,,,,,,False,False,True,False,False,USA,United States
15,"Complete, no interview",,In Development,,,,,,,,,,,,"University of Toronto, Department of Chemistry",,,Autocatalytic polymerization.,False,,"Product is very generally based on self-assembly in nature, not on any one thing in particular.",False,,,,Cell,,,0.0,False,,True,True,,"www.chem.utoronto.ca/ppl/faculty_profile.php?id=52
www.asknature.org/product/67f61c6b14229aca66fcb9d7ed0fb48f",False,,,,Canada,North America,,,,,,,,True,False,False,False,False,CAN,Canada
16,"Complete, no interview",,Concept,,,,,,,,,,,,BIAS Project,,Biologically Inspired Acoustic Systems (BIAS),Technology to harness acoustic capabilities of biological systems and apply them to disciplines associated with imaging or detecting the physical properties of objects or materials.,False,Bat echolocation,"Bats' ability to resolve acoustic pulses, identify objects and characterize materials by emitting multiple harmonic FM sounds and monitor the difference in echo between them. ",False,Animalia,Chordates,Chordata,Organ System,Organ,Organism,1.0,False,,True,False,Biology to Design,www.biasweb.co.uk,True,,Bio-inspired,Inspir*,UK,Europe,,,,,,,Biologically Inspired Acoustic Systems (BIAS),False,False,True,False,False,GBR,United Kingdom
17,"Complete, no interview",,Commercially Available,,,,,,,,,,False,,Baleen Filters,,Baleen Filters,"Non-pressurized, self-cleaning water filtration.",False,Baleen whales (Mysticeti) technique for cleaning baleen,Mimics counter flow cleaning technique of whales to clean baleen.,False,Animalia,Chordates,Chordata,Organ System,Organ,Organism,1.0,False,,True,True,Biology to Design,www.baleenfilters.com/product.asp,False,,,,Australia,Oceania,,,,,,,Baleen Filters,False,False,True,False,False,AUS,Australia
18,"Complete, with interview",,In Development,2005.0,2005,,,,,,,,False,,BioPower Systems,True,bioBASE™,Mooring for wave energy devices.,True,"Sea plants (i.e. Giant kelp, Macrocystis pyrifera) holdfast","Mimics the seabed holdfast mechanism used by large sea plants, such as the giant kelp, to distribute sea forces. ",True,Protista,Other,Heterokontophyta,Organ,Tissue,Organ System,0.0,False,,True,False,Biology to Design,"Not on company website yet as still in concept phase. 
Information gathered through patent and interview.",False,,,,Australia,Oceania,,,,,,,bioBASE™,True,False,False,False,False,AUS,Australia
19,"Complete, no interview",,In Development,,,,,,,,,,False,,Otsuka Chemical Company Ltd,,,Biofilm suppression compounds.,False,Plants and other organisms,Using quorum-sensing inhibitors (QSIs) from plants and other organisms to break up biofilm colonies which allow antibiotics to increase in efficacy in treating bacteria.,True,Plantae,Plants,,,,,,True,Quorum-sensing Inhibitors from many organisms including plants (such as cinnamon Cinnamomum),False,True,,"www.otsukac.co.jp/en/products/
www.asknature.org/product/9299e167dd1474fdc2da736a94c6f86a",False,,,,Japan,Asia,,,,,,,,False,False,False,False,True,JPN,Japan
20,"Complete, with interview",,Commercially Available,2000.0,2000,,2000.0,2000,,2005.0,2005,,True,,Floating Island International,True,BioHaven® Floating Islands,Floating islands that filter sediments and nutrients out of surface water.,False,Wetland filtration,"Concentrates wetland plants and microbes on a fibrous matrix for water filtration, mimicking natural wetland filtration.",True,,,,Community,Population,Ecosystem,0.0,True,Native plants and microbes,True,True,Biology to Design,"www.floatingislandinternational.com/products/biohaven-technology/
 www.missoulanews.bigskypress.com/gyrobase/back-to-nature/Content?oid=1491753&showFullText=true",True,,Biomimic,Biomimic*,USA,North America,,,,,,,BioHaven® Floating Islands,True,False,False,False,False,USA,United States
21,"Complete, no interview",,In Development,,,,,,,,,,,,"University of Kiel, Max Planck Institute for Metals Research, Evolutionary Biomaterials Group",,,Adhesive tape.,False,Insect appendages,"Mimics the hairy, adhesiveness of insect appendages.",False,Animalia,Invertebrates,Arthropoda,Tissue,Cell,Organ,1.0,False,,True,False,Biology to Design,"www.mf.mpg.de/en/abteilungen/arzt/bio/adhesive.html
http://www.gizmag.com/bioinspired-adhesive-tape-kiel/20406/
http://www.uni-kiel.de/zoologie/gorb/adhesive.html",True,,Biomimetic,Biomimet*,Germany,Europe,,,,,,,,False,True,False,False,False,DEU,Germany
22,"Complete, with interview",,In Development,2004.0,2004,,2009.0,2009,,,,,,,"University of Utah, College of Engineering",True,,Medical adhesive.,False,Sandcastle worm (Phragmatopoma californica) glue,Glue that mimics the proteins of a bioglue.,False,Animalia,Invertebrates,Annelida,Molecule,,Organelle,1.0,False,,True,False,Biology to Design,http://www.bioen.utah.edu/faculty/RJS/LabSite12/,True,,Biomimetic,Biomimet*,USA,North America,,,,,,,,False,True,False,False,False,USA,United States
23,"Complete, no interview",,Commercially Available,,,,,,,2011.0,2011,,False,,Biolytix Ltd,,Biolytix BioPod,Waste treatment system that converts sewage and wastewater to high quality irrigation water.,False,Forest decomposition,Mimics how forest litter decomposes organic matter.,True,,,,Community,Population,Ecosystem,0.0,True,"Worms, beetles and other organisms",True,True,,www.biolytix.com/how-it-works/,False,,,,New Zealand,Oceania,,,,,,,Biolytix BioPod,True,False,False,False,False,NZL,New Zealand
24,"Complete, with interview",,Commercially Available,2003.0,2003,,2004.0,2004,,2006.0,2006,,False,,Biomatrica® Inc,True,SampleMatrix®,Stabilizes and protects biological materials at room temperature.,False,"Brine shrimp (Artemia)
Resurrection ferm (spikemoss family, Selaginellaceae)
Tardigrades","Mimics the ability of organisms, such as the brine shrimp,  to remain in a dried state for prolonged periods of time without causing any damage.",False,Animalia,Invertebrates,Arthropoda,Organism,Organ System,Population,0.0,False,,True,False,Biology to Design,www.biomatrica.com/technology_samplematrix.php,False,,,,USA,North America,,,,,,,SampleMatrix®,True,False,False,False,False,USA,United States
25,"Complete, no interview",,Commercially Available,,,,,,,2018.0,2018,,False,,Veryan Medical,,BioMimics 3D™ Stent,Stent with helical shape transposed onto a traditional straight stent.,False,Human vascular system,Mimics the natural shape and geometry of the human vascular system that contributes to efficient and increased blood flow through arteries.,False,Animalia,Chordates,Chordata,Organ System,Organ,Organism,1.0,False,,True,False,,www.veryanmed.com/node/11,True,,Biomimic,Biomimic*,UK,Europe,,,,,,,BioMimics 3D™ Stent,False,True,False,False,False,GBR,United Kingdom
26,"Complete, no interview",,In Development,,,,,,,,,,,,Festo,True,Bionic Handling Assistant,"Robotic arm with the same range of motion as an elephant trunk, as well as the ability to pick up objects.",False,Elephant trunk,"Mimics how the elephant trunk is strong and able to pick up objects, yet doesn't contain bones? - the robotic arm does not contain steel and is produced using 3D laser sintering.",False,Animalia,Chordates,Chordata,Organ System,Organ,Organism,0.0,False,,True,False,Biology to Design,"www.festo.com/cms/en_corp/9655.htm
Media Brochure in Dropbox",True,,Bionic,Bioni*,Germany,Europe,,,,,,,Bionic Handling Assistant,True,False,False,False,False,DEU,Germany
27,"Complete, no interview",,Commercially Available,,,,,,,,,,True,,Lawrence Berkeley National Laboratory,True,,"Biosensor mimics cell receptors and undergoes a colour change when the membrane is disrupted.  Can be used as a test for influenza, E. coli, cholera toxin, biocatalyts and antibody presence.",False,Cellular binding sites,Mimics cellular binding sites (receptors). Membrane will become disrupted and change colour when test substance (or toxin) binds to the receptors.  ,False,,,,Molecule,,Organelle,1.0,False,,True,False,,"www.lbl.gov/Tech-Transfer/techs/lbnl0965.html
Song, J. et al., 2002. “Smart” Materials for Biosensing Devices: Cell-Mimicking Supramolecular Assemblies and Colorimetric Detection of Pathogenic Agents. Biomedical Microdevices, 4(3), pp.213–221.",True,,Mimic,Mimi*,USA,North America,,,,,,,,False,True,False,False,False,USA,United States
28,"Complete, no interview",,In Development,,,,,,,,,,,,"University of California, Santa Barbara, Plaxo Group",True,,Biosensors for medical diagnostics that can detect precise concentrations of test substances.,False,Multiple receptors on organisms,"Mimics the fact that organisms monitor their environments with multiple receptors, each displaying a different affinity for their common target. Mimicking the use of multiple receptors at once. ",False,,,,Organism,Organ System,Population,1.0,False,,True,False,,"www.web.chem.ucsb.edu/~plaxcogroup/
Vallée-Bélisle, A. & Plaxco, K.W., 2010. Structure-switching biosensors: inspired by Nature. Current opinion in structural biology, 20(4), pp.518–526.
www.eurekalert.org/pub_releases/2012-02/uoc--cmn021412.php",True,,Inspired,Inspir*,USA,North America,,,,,,,,False,False,True,False,False,USA,United States
29,"Complete, no interview",,In Development,,,,,,,,,,,,Brown University,,,"Robotic bat wing made with plastic bones and 3D printer skin, possibilites for small aircrafts.",True,Dog-faced fruit bat (Cynopterus) wing,"Mimics the wing shape and motion of bats, specifically the dog-faced fruit bat (Cynopterus brachyotis).",False,Animalia,Chordates,Chordata,Organ,Tissue,,2.0,False,,True,False,,"www.treehugger.com/biomimicry/3d-printed-robotic-bat-wing-holds-new-possibilities-small-aircrafts.html
http://news.brown.edu/pressreleases/2013/02/robobat
Bahlman, J.W., Swartz, S.M. & Breuer, K.S., 2013. Design and characterization of a multi-articulated robotic bat wing. Bioinspiration & Biomimetics, 8(1), p.016009.",True,,Mimic,Mimi*,USA,North America,,,,,,,,False,True,True,False,False,USA,United States
30,"Complete, with interview",,In Development,2005.0,2005,,2013.0,2013,,,,,False,,BioPower Systems,True,bioSTREAM™,Power production from tidal currents.,False,"Thunniform swimming fish (tuna, sharks, and mackerel)","Products mimics shape of fish tail and the frequency of movement,  to harness energy from tidal currents.",True,Animalia,Chordates,Chordata,Organism,Organ System,Population,2.0,False,,True,False,Biology to Design,http://www.biopowersystems.com/biostream.html,True,,Biomimicry,Biomimic*,Australia,Oceania,,,,,,,bioSTREAM™,False,True,True,False,False,AUS,Australia
31,"Complete, no interview",,In Development,,,,,,,,,,False,,The Procter and Gamble Company,,,Biosynthesis of silicone polymers.,False,Sea sponge spiculae,"Mimics natural synthesis of cyclic siloxanes, such as in the spicula of sea sponges (Tethya aurantia).",False,Animalia,Invertebrates,Porifera,Cell,Organelle,Tissue,1.0,False,,True,False,,"www.asknature.org/product/7cc477e266cb43f9d758ba9437c57b3a
www.pg.com/en_US/index.shtml",False,,,,USA,North America,,,,,,,,False,False,True,False,False,USA,United States
32,"Complete, no interview",,Commercially Available,,,,,,,,,,True,,"National Institute of Health, National Institute of Dental and Craniofacial Research",True,,Bone regrowth implants.,False,Natural bone,Product is a bone substitute that mimics the composite structure of real bone (fibres embedded in a matrix with pores that are filled with liquids).,False,Animalia,Chordates,Chordata,Organ,Organ System,Tissue,1.0,False,,True,False,,"Chang, M.C., Ko, C.-C. & Douglas, W.H., 2003. Preparation of hydroxyapatite-gelatin nanocomposite. Biomaterials, 24(17), pp.2853–2862.

",True,,Biomimetic,Biomimet*,USA,North America,,,,,,,,False,True,False,False,False,USA,United States
33,"Complete, no interview",,In Development,,,,,,,,,,False,,Instituto Politecnico de Leiria/Polytechnic Institute of Leiria,True,Bubble net,Bubble net fish catching system.,False,Humpback whale fishing behaviour (Megaptera novaeangliae),Reproducing the feeding  strategy of humpback whales using walls of bubbles to corral fish.,True,Animalia,Chordates,Chordata,Organism,Organ System,Population,1.0,False,,True,False,,www.bubblenet.wix.com/promar#!__bubble-net---promar---english/project,False,,,,Portugal,Europe,,,,,,,Bubble net,False,False,True,False,False,PRT,Portugal
34,"Complete, no interview",,In Development,,,,,,,,,,,,"University of Cambridge, NanoPhotonics Centre",,,Butterfly wing scale photonics that have the potential for being used in security printing.,False,Swallowtail butterfly (Papilio blumei) colouration,Intense colour created by the nanoscale pattern on swallowtail butterfly wings. ,False,Animalia,Invertebrates,Arthropoda,Tissue,Cell,Organ,1.0,False,,True,False,,"www.cam.ac.uk/research/news/how-butterflies%E2%80%99-wings-could-cut-bank-fraud
Kolle, M. et al., 2010. Mimicking the colourful wing scale structure of the Papilio blumei butterfly. Nature Nanotechnology, 5(7), pp.511–515.

",True,,Mimicking,Mimi*,USA,North America,,,,,,,,False,True,False,False,False,USA,United States
35,"Complete, no interview",,In Development,,,,2012.0,2012,,,,,,,"Shanghai Jiaotong University, Research Institute of Composite Materials",,,Butterfly-inspired solar surface.,False,Green birdwing butterfly (Ornithoptera priamus),Mimicking the black portions of butterfly wing that absorb energy and are resisteant to corrosion.,False,Animalia,Invertebrates,Arthropoda,Tissue,Cell,Organ,1.0,False,,True,False,Biology to Design,"www.rsc.org/chemistryworld/News/2011/October/20101102.asp
www.nytimes.com/2012/04/03/science/solar-energy-inspiration-from-butterflies.html?_r=0
www.nanopatentsandinnovations.blogspot.ca/2012/03/butterfly-wings-art-of-blackness-could.html
Zhang, W. et al., 2009. Novel Photoanode Structure Templated from Butterfly Wing Scales. Chemistry of Materials, 21(1), pp.33–40.
Zhao, Q. et al., 2011. Super black and ultrathin amorphous carbon film inspired by anti-reflection architecture in butterfly wing. Carbon, 49(3), pp.877–883.",True,,"Biomimetic
",Biomimet*,China,Asia,,,,,,,,False,True,False,False,False,CHN,China
36,"Complete, no interview",,"Discontinued, was Commercially Available",,,,,,,2005.0,2005,,False,,AstraZeneca (acquired from Amylin Pharmaceuticals 2013),True,Byetta® Exenatide Injection,Synthetic hormone injection to improve blood sugar control in adults with type 2 diabetes.,False,Gila monster (Heloderma suspectum) salivary hormone,Synthetic copies of the hormone (exendin-4) from the saliva of the Gila monster  to be used as a blood sugar regulator for diabetics.,False,Animalia,Chordates,Chordata,Molecule,,Organelle,,True,Gila Monster,False,False,Design to Biology,"www.byetta.com/
Furman, B.L., 2012. The development of Byetta (exenatide) from the venom of the Gila monster as an anti-diabetic agent. Toxicon: official journal of the International Society on Toxinology, 59(4), pp.464–471.",True,,Mimic,Mimi*,USA,North America,,,,,,,Byetta® Exenatide Injection,False,False,False,False,True,USA,United States
37,"Complete, no interview",,Commercially Available,,,,,,,,,,True,,Fortera (formerly Calera),,Supplementary Cementitious Material,Mineralization via Aqueous Precipitation (MAP) cement-making process.,False,Oceanic chemical processes,"Ocean chemistry involves the gradual absoprtion and mineralization of carbon, which this product mimics.",False,,,,Ecosystem,Community,Biosphere,,False,,False,False,,www.calera.com/index.php/technology/technology_vision/,True,,Mimic,Mimi*,USA,North America,,,,,,,Supplementary Cementitious Material,False,False,False,False,True,USA,United States
38,"Complete, no interview",,Commercially Available,,,,,,,,,,,,"Karlsruhe Research Centre, Institute for Materials Research, Department of Biomechanics",,CAO and SKO design software (what do these stand for?),"Engineering design software used to design products that are strong yet lightweight, such as car parts.",True,Bones and trees,"Software mimics bones' and trees' ability to optimize weight and performance of fiber-composite materials, such as car parts. On website it states ""computer simulation of biological growth"" not sure if this is referring to this program.",True,,,,Cell,Tissue,,0.0,False,,True,False,,http://www.mattheck.de/english/english2.htm,False,,,,Germany,Europe,,,,,,,CAO and SKO design software (what do these stand for?),True,False,False,False,False,DEU,Germany
39,"Complete, with interview",,Concept,2008.0,2008,,,,,,,,,,,True,,Capillary faucets.,False,Coconut and capillary tubes in roots of trees,"Initally inspired by how water gets into a coconut (however, had to reverse this process for his product) as well as how water travels up a tree through the roots.",False,Plantae,Plants,Anthophyta,Tissue,Cell,Organ,1.0,False,,True,False,Design to Biology,http://keihatsu.blogspot.ca/2009/12/free-energy-machine.html,False,,,,USA,North America,,,,,,,,False,False,True,False,False,USA,United States
40,"Complete, no interview",,In Development,,,,,,,,,,,,Intelligent Polymer Research Institute,True,,Carbon Nanotube Artificial Muscle.,False,Muscles,"Muscles' capability of rotating when contracting (like elephant trunks, octopus legs).",False,Animalia,,,Organ,Tissue,Organ System,1.0,False,,True,False,,"http://www.electromaterials.edu.au/events/UOW135102.html
Lima, M.D. et al., 2012. Electrically, Chemically, and Photonically Powered Torsional and Tensile Actuation of Hybrid Carbon Nanotube Yarn Muscles. Science, 338(6109), pp.928–932.

",False,,,,USA,North America,,,,,,,,False,True,False,False,False,USA,United States
41,"Complete, no interview",,Commercially Available,,,,,,,,,,False,,TecEco Pty Ltd,True,Eco-Cement,Cement that produces magnesium carbonate (adds strength and rigidity) when exposed to water.,False,"Various organisms (plants and algae, Plantae)",Inspiration was from various organisms' (such as plants and algae) ability to absorb CO2 and use it to synthesize structural materials.,False,,,,Organ System,Organ,Organism,1.0,False,,True,False,,www.tececo.com/products.eco-cement.php,True,,Mimicking,Mimi*,Australia,Oceania,,,,,,,Eco-Cement,False,False,True,False,False,AUS,Australia
42,"Complete, no interview",,Commercially Available,,,,,,,,,,,,Massachusetts Institute of Technology,,,Cascade synthesis of complex ladder molecules. Has applications in the pharmaceutical industry in relation to the production of large quantities of pharmaceutical compounds.,False,Red tide algae,"Red tide algae's ability to produce large quantities of structurally similar [similar to pharmaceutical related compounds], toxic chemicals.",False,Protista,Other,,Organism,Cell,Population,1.0,False,,True,False,,"http://web.mit.edu/chemistry/jamison/index.html
Vilotijevic, I. & Jamison, T.F., 2009. Epoxide-Opening Cascades in the Synthesis of Polycyclic Polyether Natural Products. Angewandte Chemie International Edition, 48(29), pp.5250–5281.",True,,Biomimetic,Biomimet*,USA,North America,,,,,,,,False,False,True,False,False,USA,United States
43,"Complete, no interview",,In Development,,,,,,,,,,,,"University of Michigan, Department of Electrical Engineering and Computer Science",,Memristor,"Cat algorithms.
A memristor is a two-terminal electronic device whose conductance can be precisely modulated by charge or flux through
it.
Circuit element that carry memories.",False,"Cat brain neurophysiology, synapses",,False,Animalia,Chordates,Chordata,Organ,Tissue,Organ System,2.0,False,,True,False,,"Jo, S.H. et al., 2010. Nanoscale memristor device as synapse in neuromorphic systems. Nano letters, 10(4), pp.1297–1301.

",True,,Biology-inspired,Inspir*,USA,North America,,,,,,,Memristor,False,True,False,True,False,USA,United States
44,"Complete, no interview",,Commercially Available,,,,,,,,,,False,,Viavi Solutions (formerly JDSU),True,ChromaFlair Color-shifting paints,Colour-changing paint.,False,"Soap bubbles, butterfly wings, and sea shells.","Ultra-thin layered structures like those in soap bubbles, butterfly wings, or sea shells.",False,Animalia,,,Organ,Tissue,Organ System,1.0,False,,True,False,,"http://www.jdsu.com/News-and-Events/news-releases/Pages/jdsus-chromaflair-color-shift-pigments-create-dazzling-effects-for-scion.aspx
http://www.jdsu.com/en-us/Authentication-Solutions/markets/Solutions-A-Z/Pages/chromaflair-pigments.aspx",False,,,,USA,North America,,,,,,,ChromaFlair Color-shifting paints,False,True,False,False,False,USA,United States
45,"Complete, no interview",,In Development,,,,,,,,,,,,CloudSolar,,,Solar heaters.,False,"N/A
Thermal properties of certain biofuels.","Patent-pending, it has something to do with the type of fluid used, but no info",True,,,,,,,,True,,False,False,,http://armanicreations.com/project-successes/cloud-solar-inc/   http://www.washingtonpost.com/wp-dyn/content/article/2010/11/12/AR2010111205806.html,False,,,,USA,North America,,,,,,,,False,False,False,False,True,USA,United States
46,"Complete, no interview",,Commercially Available,,,,,,,,,,,,"Kyoto University, Human and Environmental Studies",,Fractal Shade,Artificial shade structure.,False,Geometric pattern of tree branches and leaves,Mimics the geometric pattern of trees and leaves to provdie optimal cooling effect.,False,Plantae,Plants,,Organism,Organ System,Population,,False,,False,True,,"http://www.asknature.org/product/9c1c823f81e0e7218a3286d38595d0a2
http://ehp.niehs.nih.gov/121-a18/
http://www.h.kyoto-u.ac.jp/staff/332_sakai_s_0_e.html
http://www.japanfs.org/en/pages/030459.html",False,,,,Japan,Asia,,,,,,,Fractal Shade,False,False,False,False,True,JPN,Japan
47,"Complete, with interview",,Concept,2011.0,2011,,,,,,,,,,Massachusetts Institute of Technology,True,Layout of heliostat field design,Design for solar panels arranged to have minimal spacing in between while ensuring that they do not block sunlight for nearby panels.,False,Phylotaxis,"Optimal arrangement of objects in a cluster, such as the spirals found in phylotaxis (arrangements of plants in nature).",True,Plantae,Plants,Anthophyta,Organ System,Organ,Organism,1.0,False,,True,False,Retroactive,"http://meche.mit.edu/people/?id=365
http://mitsoslab.scripts.mit.edu/index.php?id=1
http://www.asknature.org/product/9019331e9e9a075da8da8a675b8b38fc
http://www.greenoptimistic.com/2012/01/13/mit-csp-design-land-use/#.UXFXK4JAFhw",False,,,,USA,North America,,,,,,,Layout of heliostat field design,False,True,False,False,False,USA,United States
48,"Complete, no interview",,In Development,,,,,,,,,,,,Seoul National University of Technology,,Dew Bank,Water bottle that collects water through dew formation.,False,Namibian desert beetle (Onymacris unguicularis),Fog-gathering technique of the Namibian desert beetle (Onymacris unguicularis).  Related to the shape of the beetle's body.,False,Animalia,Invertebrates,Arthropoda,Organism,Organ System,Population,1.0,False,,True,True,,"http://www.yankodesign.com/2010/07/05/beetle-juice-inspired/
http://www.treehugger.com/clean-water/beetle-inspired-dew-bank-concept-draws-water-from-desert-air.html
http://www.idsa.org/content/content1/dew-bank",True,,inspired,Inspir*,South Korea,Asia,,,,,,,Dew Bank,False,True,False,False,False,KOR,"Korea, Republic of"
49,"Complete, no interview",,In Development,,,,,,,,,,,,University of Wisconsin-Madison,,,Directional antennae.,False,Fly (Ormia ochracea),Directional hearing of the fly Ormia ochracea.,False,Animalia,Invertebrates,Arthropoda,Organ,Tissue,Organ System,1.0,False,,True,False,Biology to Design,"http://www.engr.wisc.edu/ece/faculty/behdad_nader.html
Behdad, N., Al-Joumayly, M.A. & Li, M., 2011. Biologically Inspired Electrically Small Antenna Arrays With Enhanced Directional Sensitivity. IEEE Antennas and Wireless Propagation Letters, 10, pp.361–364.",True,,Biomimetic,Biomimet*,USA,North America,,,,,,,,False,False,True,False,False,USA,United States
50,"Complete, no interview",,In Development,,,,,,,,,,,,"Weizmann Institute of Science, Department of Molecular Genetics",,,Distributed computing solution.,False,Fruit fly cells (nervous system development),Algorithm copies the development of the fruit fly's nervous system (more specifically the sensory organ precusor development).,False,Animalia,Invertebrates,Arthropoda,Cell,Organelle,Tissue,1.0,False,,True,False,,"http://barkai-serv.weizmann.ac.il/GroupPage/, http://www.weizmann.ac.il/molgen/members/naama.html
http://www.sciencedaily.com/releases/2011/01/110113141559.htm, Journal Article Afek et al 2011",True,,Inspiration,Inspir*,Israel,Asia,,,,,,,,False,False,True,False,False,ISR,Israel
51,"Complete, no interview",,In Development,,,,,,,,,,,,Sweeny Sterling Finlayson & Co Architects,,FlexNatür Planning System,Downtown condos- planning system.,False,(possibly) paper wasp,"Not sure, ask nature claims it is biomimicry but could be retroactively classified and nothing on company website. ",False,Animalia,Invertebrates,Arthropoda,,,,,False,,False,False,,"www.andco.com/
www.asknature.org/product/2c4a501b861f405bd90b99b3f6e865c2",False,,,,Canada,North America,,,,,,,FlexNatür Planning System,False,False,False,False,True,CAN,Canada
52,"Complete, no interview",,No longer in development,,No Information,,,No Information,,,,,False,,Stanford University,True,Duoptix™ synthetic corneas,Hydrogel for use in artificial corneas.,False,Cornea or biological tissue?,"Polymer material can swell 80% to hold water, the same as biological tissue. The biocompatible hydrogel is transparent and permeable to nutrients. ",False,Animalia,,,Tissue,Cell,Organ,0.0,False,,True,False,,"http://news.stanford.edu/news/2006/september13/cornea-091306.html
Myung, D. et al., 2007. Design and fabrication of an artificial cornea based on a photolithographically patterned hydrogel construct. Biomedical microdevices, 9(6), pp.911–922.
Myung, D. et al., 2008. Glucose-permeable interpenetrating polymer network hydrogels for corneal implant applications: A pilot study. Current eye research, 33(1), pp.29–43.
www.biox.stanford.edu/grant/r2_iip_ta.html
",True,,Biomimetic,Biomimet*,USA,North America,,,,,,,Duoptix™ synthetic corneas,True,False,False,False,False,USA,United States
53,"Complete, no interview",,Commercially Available,,,,,,,,,,,,DuPont™,,Nomex® and Kevlar® honeycomb composite materials,Strong composite materials.,False,Honeycomb structure in bee and wasp nests,,False,Animalia,Invertebrates,Arthropoda,,,,1.0,False,,True,False,,"http://www2.dupont.com/personal-protection/en-us/dpt/nomex.html
http://www2.dupont.com/personal-protection/en-us/dpt/kevlar.html",False,,,,,North America,,,,,,,Nomex® and Kevlar® honeycomb composite materials,False,True,False,False,False,,
54,"Complete, no interview",,"Discontinued, was Commercially Available",,,,,,,,,,,,Dyesol / GreatCell Solar (liquidated 2019),,Dye solar cell technology (DSC),"Using an electrolyte, a layer of titania (a pigment used in everything from toothpaste to paint), and ruthenium dye deposited on glass, metal, or polymer substrates. Light striking the the dye excites electrons, which are then absorbed by the titania to become an electric current.",False,Photosynthesis,,True,,,,Organelle,Molecule,Cell,1.0,False,,True,True,,www.dyesol.com/page/Technology,False,,,,Australia,Oceania,,,,,,,Dye solar cell technology (DSC),False,False,True,False,False,AUS,Australia
55,"Complete, with interview",,Commercially Available,1990.0,1990,,1992.0,1992,,1996.0,1996,,,,"Mick Pearce

Arup Construction Company",True,Eastgate Centre Building,Building in Zimbabwe with a self-regulating ventilation system (passive cooling system).,False,"Thermal control in termite mounds, and the structure of cacti",Mimicking how termite mounds cool themselves and how the large surface area of cacti is used to disperse heat to create a building with a passive cooling system.,True,Animalia,Invertebrates,Arthropoda,Organism,Organ System,Population,2.0,False,,True,True,Design to Biology,www.mickpearce.com/works/office-public-buildings/eastgate-development-harare/,False,,,,Zimbabwe,Africa,,,,,,,Eastgate Centre Building,False,True,True,False,False,ZWE,Zimbabwe
56,"Complete, no interview",,Commercially Available,,,,,,,,,,True,,Luritek,True,Eco-Clad® anti-fouling paint,Anti-fouling biofilm for ship hulls.,True,Biofilm on organisms,Mimics the fact that some organisms like fish have a biofilm coating which repels undesirable organisms.  ,False,Animalia,Chordates,Chordata,Organ,Tissue,Organ System,1.0,False,,True,False,,www.ecoclad.com/,True,,Biomimicry,Biomimic*,USA,North America,,,,,,,Eco-Clad® anti-fouling paint,False,False,True,False,False,USA,United States
57,"Complete, no interview",,Commercially Available,,,,,,,,,,,,"Todd Ecological Design, Inc.",,Eco-Machine wastewater management,"Wastewater treatment using bacteria, fungi, plants, snails, clams, and fish that break down organic pollutants.",False,Aquatic ecosystems,"Aquatic ecosystems- can also be designed to function and resemble a baffled river through the creation of eddies, countercurrents, and contact zones.",True,,,,Ecosystem,Community,Biosphere,1.0,True,"Bacteria, fungi, plants, snails, clams, and fish ",True,True,Biology to Design,www.toddecological.com/eco-machines/,False,,,,USA,North America,,,,,,,Eco-Machine wastewater management,False,False,False,True,False,USA,United States
58,"Complete, with interview",,Commercially Available,2007.0,2007,,2009.0,2009,,2009.0,2009,,False,,Ecovative Design,True,EcoCradle™ packaging,Packaging made from agricultural byproducts.,False,"Mushroom resin used in product, states mimics nature's cyclic material flows",,True,Fungi,Fungi,,Ecosystem,Community,Biosphere,,True,Mycelia (no specific spesies mentioned),False,False,Biology to Design,www.mushroompackaging.com/,False,"AskNature
http://www.asknature.org/product/a10b75e63cdad605b63a71bbba2caa15",,,USA,North America,,,,,,,EcoCradle™ packaging,False,False,False,False,True,USA,United States
59,"Complete, no interview",,In Development,,,,,,,,,,True,,Vincent Artero (CEA),True,,Electrolysis of water into hydrogen and oxygen.,False,Hydrogenase enzymes,Mimics natural hydrogenase enzymes to catalyze the electrolysis of water into hydrogen and oxygen.,True,,,,Molecule,,Organelle,1.0,False,,True,False,,"Goff, A.L. et al., 2009. From Hydrogenases to Noble Metal–Free Catalytic Nanomaterials for H2 Production and Uptake. Science, 326(5958), pp.1384–1387.

",True,,Biomimetic,Biomimet*,France,Europe,,,,,,,,False,False,True,False,False,FRA,France
60,"Complete, no interview",,In Development,,,,,,,,,,,,"Seoul National University, Multiscale Biomimetics Systems Laboratory",,,Electronic skin or heat sensors.,False,Beetle wing microtrichia,"Sensor made from interlocking artificial hairs, inspired by beetle wing-locking structures (microtrichia).",False,Animalia,Invertebrates,Arthropoda,Tissue,Cell,Organ,1.0,False,,True,False,,"Pang, C. et al., 2012. A flexible and highly sensitive strain-gauge sensor using reversible interlocking of nanofibres. Nature Materials, 11(9), pp.795–801.

",True,,Biomimetic,Biomimet*,South Korea,Asia,,,,,,,,False,True,False,False,False,KOR,"Korea, Republic of"
61,"Complete, with interview",,No longer in development,2008.0,2008,,2008.0,2008,,,,,,,,True,Elf Shelter Rainwater Collector,Leaf-shaped rain collector.,False,Deciduous tree leaf,Mimicking the way a leaf is shaped in order to collect more water. ,False,Plantae,Plants,Anthophyta,Tissue,Cell,Organ,,False,,False,False,Design to Biology,http://www.asknature.org/product/8cb076fafce8b95b379adc020d7ed705,,,,,UK,Europe,,,,,,,Elf Shelter Rainwater Collector,False,False,False,False,True,GBR,United Kingdom
62,"Complete, no interview",,Concept,,,,,,,,,,,,Integrated Nanophotonics Laboratory,,,Enhanced scintillation materials that increase scintillator light absorption efficiency in x-ray imaging.,False,Moth eye,Copying the nanostructure.Nanostructures that utilize an array of circular protrubances.,False,Animalia,Invertebrates,Arthropoda,Organ,Tissue,Organ System,1.0,False,,True,False,,https://sites.google.com/site/yysnanophotonics/home,False,,,,USA,North America,,,,,,,,False,True,False,False,False,USA,United States
63,"Complete, with interview",,In Development,2003.0,2003/2004,,2007.0,2007,,,,,False,,University of Utah,True,,Enzymatic fuel cell.,False,Mitochondria energy conversion,Cells encapsulating enzymes in membrane-bound vesicles.,True,,,,Cell,Organelle,Tissue,0.0,False,,True,False,Biology to Design,"http://www.chem.utah.edu/directory/faculty/minteer.html
C. Fischer, S. Xu, R. Arechederra, and S.D. Minteer, “Mitochondrial Biofuel Cells: Expanding Fuel Diversity to Amino Acids,” Physical Chemistry Chemical Physics, 2011, 13, 86-92.",False,,,,USA,North America,,,,,,,,True,False,False,False,False,USA,United States
64,"Complete, no interview",,In Development,,,,,,,,,,,,"University of Pennsylvania, PennDesign, School of Medicine, Engineering and Applied Sciences ",,eSkin,Adaptive materials with surfaces interlaced with sensors and feedback mechanisms (to adapt to changing environmental conditions).,False,Human cells,,True,Animalia,Chordates,Chordata,Cell,Organelle,Tissue,0.0,False,,True,False,,"http://www.seas.upenn.edu/~shuyang/research/
http://jennysabin.com/?page_id=426",True,,Mimic,Mimi*,USA,North America,,,,,,,eSkin,True,False,False,False,False,USA,United States
65,"Complete, no interview",,Commercially Available,,,,,,,,,,False,,EvoLogics,True,S2C Sweep Spread Carrier,Underwater modem and sensor.,False,Dolphin and whale communication,"They chirp and sing across a broad frequency bandwidth. This continuous change of frequencies not only serves to transmit information, but also to compensate for sources of interference such as echoes and noise. modems built on S2C technology continuously spread the signal energy over a wide range of frequencies and adapt the signal structure so that the multipath components do not interfere with each other. ",False,Animalia,Chordates,Chordata,Organ System,Organ,Organism,1.0,False,,True,False,,http://www.evologics.de/en/products/acoustics/Technology.html,True,,Mimic,Mimi*,Germany,Europe,,,,,,,S2C Sweep Spread Carrier,False,False,True,False,False,DEU,Germany
66,"Complete, no interview",,"Discontinued, was Commercially Available",,,,,,,,,,False,,FastSkinz,True,Fastskinz MPG-Plus car covering,"Car covering with tiny divots that create a layer of turbulent air over the surface, thus reducing drag.",True,Shark skin,,True,Animalia,Chordates,Chordata,Tissue,Cell,Organ,1.0,False,,True,False,,"www.fastskinz.com/ - no longer operating
http://inventorspot.com/articles/fastskinz_vehicle_wraps_may_not_be_easy_solution_increased_miles_27611",False,,,,USA,North America,,,,,,,Fastskinz MPG-Plus car covering,False,True,False,False,False,USA,United States
67,"Complete, no interview",,Commercially Available,,,,,,,,,,,,"Ziehl-Abegg, Inc.",,"FE2owlet,  Axial Fan Range","Efficient, quiet axial fan.",False,Owl feather,,True,Animalia,Chordates,Chordata,Organ,Tissue,Organ System,1.0,False,,True,False,,http://www.ziehl-abegg.com/us/fans.html,True,,Bionic,Bioni*,USA,North America,,,,,,,"FE2owlet,  Axial Fan Range",False,True,False,False,False,USA,United States
68,"Complete, with interview",,Commercially Available,2007.0,2007,,2007.0,2007,,2008.0,2008,,False,,Moen®,True,Inspire Showerheads,Showerhead with efficient spray coverage.,False,Fibonacci-inspired spiral pattern,Spiral demonstrates efficient packing ,False,,,,,,,1.0,False,,True,False,Design to Biology,http://www.moen.ca/pressroom/press-release?id=3301,True,,Biomimicy,Biomimic*,USA,North America,,,,,,,Inspire Showerheads,False,True,False,False,False,USA,United States
69,"Complete, no interview",,In Development,,,,,,,,,,,,Caltech Field Laboratory for Optimized Wind Energy,,FLOWE wind farm design,Placement of wind turbines in a strategic array.,False,Schools of fish,"Schools of fish transfering energy to each other via vortices.
""A geometric arrangement based on the configuration of shed vortices in the wake of schooling fish is shown to significantly increase the array performance coefficient based upon an array of 16 × 16 wind turbines. """,True,Animalia,Chordates,Chordata,Population,Organism,Community,1.0,False,,True,False,,"http://dabiri.caltech.edu/research/wind-energy.html
Whittlesey, R.W., Liska, S. & Dabiri, J.O., 2010. Fish schooling as a basis for vertical axis wind turbine farm design. Bioinspiration & Biomimetics, 5(3), p.035005.

",True,,Bioinspiration,Inspir*,USA,North America,,,,,,,FLOWE wind farm design,False,False,True,False,False,USA,United States
70,"Complete, no interview",,Commercially Available,,,,,,,,,,,,Fluid Earth,,"Humpback Skeg (8"" Center Fin)",Surfboard skeg with bumps along edge.,False,Humpback whale flipper,Tubercles on leading edge of humpback whale flippers.,False,Animalia,Chordates,Chordata,Organ,Tissue,Organ System,1.0,False,,True,False,,www.fluidearth.org/,True,,inspired,Inspir*,USA,North America,,,,,,,"Humpback Skeg (8"" Center Fin)",False,True,False,False,False,USA,United States
71,"Complete, no interview",,In Development,,,,,,,,,,,,QinetiQ,True,,Fog-catching materials.,False,Shells of tenebrionid (Stenocara) beetles,Surface texture of shells of tenebrionid (Stenocara) beetles.,False,Animalia,Invertebrates,Arthropoda,Tissue,Cell,Organ,1.0,False,,True,True,,"www.qinetiq.com/Pages/default.aspx
",False,,,,UK,Europe,,,,,,,,False,True,False,False,False,GBR,United Kingdom
72,"Complete, no interview",,In Development,,,,,,,,,,,,Massachusetts Institute of Technology,True,,Fog-harvesting mesh.,False,Shells of tenebrionid (Stenocara) beetles,Namibian desert beetle shell surface.,False,Animalia,Invertebrates,Arthropoda,Tissue,Cell,Organ,1.0,False,,True,True,,"http://web.mit.edu/chhatre/www/, http://edition.cnn.com/2011/TECH/innovation/04/26/fog.harvesting.mit/index.html",False,,,,USA,North America,,,,,,,,False,True,False,False,False,USA,United States
73,"Complete, no interview",,Commercially Available,,,,,,,,,,False,,Columbia Forest Products,True,Purebond® technology,"Wood fibers infused with soy proteins which mimic marine adhesive proteins, creating water-resistant wood products.",False,Blue mussel (Mytilus edulis) adhesive,Marine Adhesive Proteins (MAPs),False,Animalia,Invertebrates,Mollusca,Tissue,Cell,Organ,0.0,False,,True,False,Biology to Design,http://columbiaforestproducts.com/PureBond,True,,Biomimicry,Biomimic*,USA,North America,,,,,,,Purebond® technology,True,False,False,False,False,USA,United States
74,"Complete, no interview",,In Development,2005.0,2005,,,,,,,,True,,Northwestern University & Kensey Nash Corporation,True,Geckel nanoadhesive,Wet/dry adhesive.,False,"Gecko feet hairs, mussel adhesion proteins secretions.",Combines dry adhesion of gecko feet and wet adhesion of mussels with synthetic adhesion proteins.,False,Animalia,Chordates,Chordata,Tissue,Cell,Organ,1.0,True,Mussel protein,True,False,Biology to Design,"www.nih.gov/news/pr/jul2007/nidcr-18.htm
http://biomaterials.bme.northwestern.edu/mussel.asp, http://biomaterials.bme.northwestern.edu/biointerfaces.asp",True,,Biomimetic,Biomimet*,USA,North America,,,,,,,Geckel nanoadhesive,False,True,False,False,False,USA,United States
75,"Complete, with interview",,In Development,2005.0,2005,,2007.0,2007,,,,,False,,Massachusetts Institute of Technology,True,,"Gecko-inspired bandage, applications as medical bandages. This particular bandage can be used when wet.",False,Gecko feet (foot pads),Mimics the topography of gecko foot pads to provide maximum surface area for adherence.,False,Animalia,Chordates,Chordata,Tissue,Cell,Organ,1.0,False,,True,False,Design to Biology,"http://www.karplab.net/research/medical.html
http://web.mit.edu/newsoffice/2008/adhesive-0218.html
Mahdavi, A. et al., 2008. A biodegradable and biocompatible gecko-inspired tissue adhesive. Proceedings of the National Academy of Sciences, 105(7), pp.2307–2312.

",True,,Mimic,Mimi*,USA,North America,,,,,,,,False,True,False,False,False,USA,United States
76,"Complete, no interview",,Commercially Available,,,,,,,,,,True,,"Lawrence Berkeley National Laboratory, U.S. Department of Energy, and The Regents of the University of California",True,,Glycopolymer coated carbon nanotubes (CNTs).,False,Mucin proteins,Mimics mucin proteins embedded in cell membranes.,False,,,,Molecule,,Organelle,1.0,False,,True,False,,Journal article?,True,,Biomimetic,Biomimet*,USA,North America,,,,,,,,False,True,False,False,False,USA,United States
77,"Complete, no interview",,"Discontinued, was Commercially Available",,,,,,,,,,True,,"Nike, Inc.",,Goatek Traction,Hiking sole.,False,Mountain goat hoof,,False,Animalia,Chordates,Chordata,Organ,Tissue,Organ System,1.0,False,,True,False,,http://sneakersaddict.com/en/interview-with-mike-friton-a-multidisciplinary-senior-innovator-34109,True,,Inspired,Inspir*,USA,North America,,,,,,,Goatek Traction,False,True,False,False,False,USA,United States
78,"Complete, with interview",,Commercially Available,2006.0,2006,,2007.0,2007,,2008.0,2008,,False,,BigSky Technologies LLC,True,GreenShield™ fabric finish,"Oil-repellant, water-repellant, and stain-repellant fabric finish for use in commercial, automotive, and hospitality industries.",False,Lotus leaf,Mimics the waxy upper coating of the lotus leaf drawing inspiration from the large array of microstructures that stick up on the surface.,False,Plantae,Plants,Anthophyta,Tissue,Cell,Organ,1.0,False,,True,False,Biology to Design,http://www.greenshieldfinish.com/,True,,Inspired,Inspir*,USA,North America,,,,,,,GreenShield™ fabric finish,False,True,False,False,False,USA,United States
79,"Complete, no interview",,Commercially Available,,,,,,,,,,,,AquaPro,,Groasis waterboxx,Box that serves as an incubator for trees during early development (growth).,False,Natural seed protection by animal fecal matter,,True,Animalia,Chordates,Chordata,,,,0.0,False,,True,True,,"http://www.groasis.com/en/summary/summary-of-the-groasis-technology
http://www.greenprophet.com/2011/09/groasis-waterboxx-trees/",True,,Biomimicry,Biomimic*,Netherlands,Europe,,,,,,,Groasis waterboxx,True,False,False,False,False,NLD,Netherlands
80,"Complete, with interview",,No longer in development,2008.0,2008,,2008.0,2008,,,,,,,Massachusetts Institute of Technology,True,,"Heliotrope sun-tracking system. This solar panel is equipped with a system that measures the difference in temperature between the shaddy and the sunlight areas. It is a passive system, not requiring energy.",False,Plants moving to follow sunlight,Plants perform heliotropism by changing the turgor pressure in certain cells in flexible areas.  (this is NOT the process mimicked here),True,Plantae,Plants,Anthophyta,Organ System,Organ,Organism,0.0,False,,True,False,Design to Biology,http://web.mit.edu/newsoffice/2008/madmec-0919.html,False,"MIT News Office
http://web.mit.edu/newsoffice/2008/madmec-0919.htm",,,USA,North America,,,,,,,,True,False,False,False,False,USA,United States
81,"Complete, no interview",,In Development,,,,,,,,,,,,Decker Yeadon,,,Homeostatic façade system.,False,Homeostatic environment in biological organisms,Nature monitors environment and respond,True,,,,Biosphere,Ecosystem,,,False,,False,False,,www.deckeryeadon.com/projects.html#,False,"Ask Nature
http://www.asknature.org/product/0c2046bdbcb82fbcec31c8b4030f6e6b",,,USA,North America,,,,,,,,False,False,False,False,True,USA,United States
82,"Complete, no interview",,In Development,,,,,,,,,,,,Tel-Aviv University,,,A dye-sensitised solar panel using the pigment xanthopterin that is also found in the Asian hornet to supposedly gather solar radiation.,False,Asian hornet,Activity of the hornet is linked to intensity of solar radiation. They use the pigment xanthopterin to absorb radiation energy. ,False,Animalia,Invertebrates,Arthropoda,Molecule,,Organelle,,True,Asian hornet pigment,False,False,,Naturwissenschaften (2010) 97:1067–1076,False,,,,Israel,Asia,,,,,,,,False,False,False,False,True,ISR,Israel
83,"Complete, no interview",,Commercially Available,,,,,,,,,,False,,Schaefer Ventilation,True,"HotZone™ radiant heater, using IRLens™",Spot heater that focuses radiant heat.,False,Lobster eye,,False,Animalia,Invertebrates,Arthropoda,Organ,Tissue,Organ System,1.0,False,,True,False,,http://www.schaeferfan.com/HOTZONE_RADIANT_HEATERS_C1983.cfm,False,,,,USA,North America,,,,,,,"HotZone™ radiant heater, using IRLens™",False,True,False,False,False,USA,United States
84,"Complete, with interview",,In Development,2009.0,2009,,,,,,,,True,,University of Akron,True,,"Humidity responsive fibers, to be used in a biomimetic muscle.",False,Orb-weaving Spider silk fibers,Silk can be used to create biomimetic muscles by actuating changes in humidity.,False,Animalia,Invertebrates,Arthropoda,Tissue,Cell,Organ,,True,Orb-weaving spiders,False,False,Biology to Design,"http://www3.uakron.edu/biology/blackledge/index.htm
http://patentscope.wipo.int/search/en/detail.jsf?docId=WO2009135161&recNum=1&maxRec=&office=&prevFilter=&sortOption=&queryString=&tab=PCT+Biblio
Agnarsson, I. et al., 2009. Spider silk as a novel high performance biomimetic muscle driven by humidity. Journal of Experimental Biology, 212(13), pp.1990–1994.

",True,,Biomimetic,Biomimet*,USA,North America,,,,,,,,False,False,False,False,True,USA,United States
85,"Complete, with interview",,In Development,2009.0,2009,,,,,,,,,,Sogang University,,,Humidity sensor.,False,Hercules beetle cuticle,Inspired by the photonic crystal structure of the cuticle of Hercules beetle.,False,Animalia,Invertebrates,Arthropoda,Tissue,Cell,Organ,1.0,False,,True,False,Biology to Design,"Jae Hyun Kim; Seung-Yop Lee; Jungyul Park; JunHyuk Moon, ""Humidity sensors mimicking cuticle of Hercules beetles,"" Sensors, 2010 IEEE , vol., no., pp.805,808, 1-4 Nov. 2010
doi: 10.1109/ICSENS.2010.5690971",True,,Biomimetic,Biomimet*,South Korea,Asia,,,,,,,,False,True,False,False,False,KOR,"Korea, Republic of"
86,"Complete, no interview",,In Development,,,,,,,,,,,,"Harvard University, Aizenberg lab",,,Hydrophobic de-icing.,False,Mosquito eyes and water striders,Microstructural pattern on mosquito eyes and water strider (legs?) discourages the adhesion of water.,False,Animalia,Invertebrates,Arthropoda,Tissue,Cell,Organ,1.0,False,,True,False,,http://aizenberglab.seas.harvard.edu/index.php?&wh=1148x606x1280x800,True,,Inspiration,Inspir*,USA,North America,,,,,,,,False,True,False,False,False,USA,United States
87,"Complete, no interview",,Commercially Available,,,,,,,,,,False,,InterfaceFLOR,,i2™ Modular carpet,Carpet tiles featuring a random pattern and gradations of colors.,False,Forest floor,Random pattern of forest floor,True,,,,Ecosystem,Population,Biosphere,,False,,False,False,,"https://www.interfaceflor.ca/Default.aspx?Section=3&Sub=11
https://www.interfaceflor.ca/default.aspx?Section=5&Sub=1",True,,Biomimicry,Biomimic*,USA,North America,,,,,,,i2™ Modular carpet,False,False,False,False,True,USA,United States
88,"Complete, no interview",,Commercially Available,,,,,,,,,,,,LIXIL Corporation,,INAX self-cleaning surface (Microguard),"Exterior, self-cleaning wall coating",False,Snail shell bumps,Mimics the self-cleaning bumps on snail shells that allow microscopic pockets of water to collect.,True,Animalia,Invertebrates,Mollusca,Tissue,Cell,Organ,1.0,False,,True,False,,http://www.pmhr.ir/article/pdf/ecopro/EcoProDir2011%20323.pdf,False,,,,Japan,Asia,,,,,,,INAX self-cleaning surface (Microguard),False,True,False,False,False,JPN,Japan
89,"Complete, no interview",,In Development,,,,,,,,,,False,,Insect Biotechnology Inc.,True,,Insect repellant.,False,Tomato plant lipid,Lipid molecule synthesized by tomatoes to fend off bugs.,False,Plantae,Plants,Anthophyta,Molecule,,Organelle,,True,Tomato plant lipid,False,False,,www.ncsu.edu/nso/old/traditions/people/faculty.htm,False,,,,USA,North America,,,,,,,,False,False,False,False,True,USA,United States
90,"Complete, with interview",,Commercially Available,2007.0,2007,,2008.0,2008,,2009.0,2009,,False,,Joinlock Pty. Ltd.,,Joinlox™,Method of joining rigid or semi-rigid components,False,Molluscs,Small hooks mimic the hooks on byssal threads of clams and other shellfish.,False,Animalia,Invertebrates,Mollusca,Tissue,Cell,Organ,1.0,False,,True,False,Design to Biology,http://www.joinlox.com/about-joinlox,True,,Biomimicry,Biomimic*,Australia,Oceania,,,,,,,Joinlox™,False,True,False,False,False,AUS,Australia
91,"Complete, no interview",,Commercially Available,,,,,,,,,,,,Kalundborg Municipality and nearby industries,,Kalundborg Industrial Symbiosis,Mutual use of byproducts between various companies in a municipality,False,Symbiosis,"various processing companies, a waste handling company, and the Municipality of Kalunborg participate in industrial symbiosis, using each other's residual or by-products mutually.",True,,,,Community,Population,Ecosystem,1.0,False,,True,True,,http://www.symbiosis.dk/en,False,,,,Denmark,Europe,,,,,,,Kalundborg Industrial Symbiosis,False,False,False,True,False,DNK,Denmark
92,"Complete, no interview",,Commercially Available,,,,,,,,,,True,,Rensselaer Polytechnic Institute,True,,Lab-on-chip pharmaceutical synthesis.,False,Gogli apparatus,Artificial Golgi apparatus capable of mimicking the cellular organelle's ability to synthesize complex organic molecules and catalyze reactions.  One product of particular importance is heparin.,True,,,,Organelle,Molecule,Cell,1.0,False,,True,False,,"http://enzymes.che.rpi.edu/index.php/research
http://pubs.acs.org/doi/pdf/10.1021/ja903038d
",True,,Mimic,Mimi*,USA,North America,,,,,,,,False,False,True,False,False,USA,United States
93,"Complete, with interview",,In Development,2009.0,2009,,2009.0,2009,,,,,,,Khoji Psychological Tools,True,LifeTree Psychological Tool,Psychological tool that helps with organizing behaviour.,False,Tree,Mimics the hierarchical structure of a tree.,False,Plantae,Plants,,Organism,Organ System,Population,,False,,False,False,Design to Biology,www.khoji.co.uk/lifetreetool.html,False,,,,UK,Europe,,,,,,,LifeTree Psychological Tool,False,False,False,False,True,GBR,United Kingdom
94,"Complete, no interview",,In Development,,,,,,,,,,,,"Hungarian Academy of Sciences, Computer and Automation Research Institute MTA SZTAKI

Instituto de Microelectronica de Sevilla/Centro Nacional de Microelectronica (CSIC)

University of Newcastle upon Tyne, School of Biology

Volvo Car Corporation",,LOCUST visual collision detector,Object detection for collision avoidance using spatiotemporal image processing,True,Grasshoppers,Mimics grasshopper neurological collision avoidance,False,Animalia,Invertebrates,Arthropoda,Organ System,Organ,Organism,1.0,False,,True,False,,"http://www2.imse-cnm.csic.es/locust/index.html
Yue, S. & Rind, F.C., 2005. A collision detection system for a mobile robot inspired by the locust visual system. In Robotics and Automation, 2005. ICRA 2005. Proceedings of the 2005 IEEE International Conference on. pp. 3832–3837. Available at: http://ieeexplore.ieee.org/xpls/abs_all.jsp?arnumber=1570705 [Accessed March 14, 2013].",True,,Inspired,Inspir*,UK,Europe,,,,,,,LOCUST visual collision detector,False,False,True,False,False,GBR,United Kingdom
95,"Complete, no interview",,Commercially Available,,,,,,,,,,,,Erlus,,ERLUS LOTUS® Clay roof tiles,Lotus clay roofing tiles,False,Lotus leaf,"Potentially mimickingt the self-cleaning abilities of the lotus leaf however I think, the leaf does it differently than the tile. More information needed.",True,Plantae,Plants,Anthophyta,Tissue,Cell,Organ,0.0,False,,True,False,,http://www.erlus.de/TopiceSelf-cleaning/,False,,,,Germany,Europe,,,,,,,ERLUS LOTUS® Clay roof tiles,True,False,False,False,False,DEU,Germany
96,"Complete, with interview",,Commercially Available,,,,,,,2010.0,2010,,,,Sto Corp.,,Lotusan® paint,"Exterior, self-cleaning coating",False,Lotus leaf,Mimics complex surface of a lotus leaf to repel water and dirt.,True,Plantae,Plants,Anthophyta,Tissue,Cell,Organ,1.0,False,,True,False,Biology to Design,"http://www.stocorp.com/index.php/component/option,com_catalog2/Itemid,196/catID,43/catLevel,5/lang,en/productID,34/subCatID,44/subCatIDBP,44/subCatIDnext,0/",False,,,,USA,North America,,,,,,,Lotusan® paint,False,True,False,False,False,USA,United States
97,"Complete, no interview",,"Discontinued, was Commercially Available",,,,,,,,,,,,Zero Gravity,,Lunocet,Monofin.,False,Dolphin tail,,False,Animalia,Chordates,Chordata,Organ,Tissue,Organ System,1.0,False,,True,False,,www.lunocet.com/,True,,Biomimetic,Biomimet*,USA,North America,,,,,,,Lunocet,False,True,False,False,False,USA,United States
98,"Complete, no interview",,In Development,,,,,,,,,,False,,Case Western Reserve University,True,"DYNAMIC MECHANICAL POLYMER
NANOCOMPOSITES",Mechanically adaptive polymer nanocomposites.,False,Sea cucumber and starfish tissue,The sea cucumber has skin (Mutable Collagenous Tissue) that can change from stiff to nearly liquid as part of the animal's defense-and-escape behavior.  Starfish can do it too.  The mimic achieves this same change through the rearrangement of microfibers within the material.,False,Animalia,Invertebrates,Echinodermata,Tissue,Cell,Organ,1.0,False,,True,False,,http://bme.cwru.edu/Capadona/Research,True,,Biomimetic,Biomimet*,USA,North America,,,,,,,"DYNAMIC MECHANICAL POLYMER
NANOCOMPOSITES",False,False,True,False,False,USA,United States
99,"Complete, no interview",,In Development,,,,,,,,,,,,"Northwestern University, Messersmith Research Group",,,Medical implant coating.,False,"Mussel adhesive (DOPA; L-3,4-dihydroxyphenylalanine)",,False,Animalia,Invertebrates,Mollusca,Tissue,Cell,Organ,,True,Mussels (no specific species),False,False,,"http://biomaterials.bme.northwestern.edu/index.asp
Barrett, D. G., Bushnell, G. G. and Messersmith, P. B. (2013), Mechanically Robust, Negative-Swelling, Mussel-Inspired Tissue Adhesives. Advanced Healthcare Materials, 2: 745–755. doi: 10.1002/adhm.201200316 - GET IT!",True,,Inspired,Inspir*,USA,North America,,,,,,,,False,False,False,False,True,USA,United States
100,"Complete, no interview",,In Development,,,,,,,,,,,,"Yale University, Department of Chemical Engineering",,AC Biobattery,Microbatteries.,False,Electric eel cells.,Mimics the groups of cells that give electric eels their shocking capabilities by designing artificial ion channel models for power output and conversion.,True,Animalia,Chordates,Chordata,Tissue,Cell,Organ,2.0,False,,True,False,,http://pantheon.yale.edu/~jx25/Research.htm,True,,Biomimetic,Biomimet*,USA,North America,,,,,,,AC Biobattery,False,True,True,False,False,USA,United States
101,"Complete, with interview",,In Development,,,,,,,,,,True,,"Munich Technical University

University of Bayreuth",True,,Microfluidic silk assembly.,False,"Orb weaving spider spinning duct (gland)
Specifically studying Araneus diadematus and Nephila clavipes","Product is a microfluidic assembly device, featuring a trident-shaped design and storage chamber.",False,Animalia,Invertebrates,Arthropoda,Organ,Tissue,Organ System,1.0,False,,True,False,Design to Biology,http://www.fiberlab.de/index_eng.html,True,,Biomimicking,Biomimic*,Germany,Europe,,,,,,,,False,True,False,False,False,DEU,Germany
102,"Complete, no interview",,In Development,,,,,,,,,,,,"University of California, Berkeley, Molecular Cell Biomechanics Laboratory",,,Micromachined bio-inspired shock-absorbing system.,False,Woodpecker shock absorption,"Product mimics the layers of materials which protect a woodpecker's head during drumming behaviour. Mimics three different aspects; beak (hard yet elastic), skull (spongy bones, minimal fluid layer between brain and skull), tongue (vibration reducing hyloid layer).",False,Animalia,Chordates,Chordata,Tissue,Cell,Organ,1.0,False,,True,False,,"Yoon, S.-H. & Park, S., 2011. A mechanical analysis of woodpecker drumming and its application to shock-absorbing systems. Bioinspiration & Biomimetics, 6(1), p.016003.",True,,Biomimetic,Biomimet*,USA,North America,,,,,,,,False,True,False,False,False,USA,United States
103,"Complete, no interview",,In Development,,,,,,,,,,,,BASF The Chemical Company,,Mincor® TX TT textile coating,"Self-cleaning finishing material for awnings, sunshades, sails and tents.",False,Lotus leaf,Water and dirt repellant.,True,Plantae,Plants,Anthophyta,Tissue,Cell,Organ,1.0,False,,True,False,,"http://www.basf.com/group/corporate/en/function/conversions:/publishdownload/content/investor-relations/news-publications/presentations/2007/download/070824_BASF_Equity_Story_Nanotechnology_July07.pdf
http://www.report.basf.com/2007/en/managementsanalysis/companyandstrategy/performanceproducts/researchanddevelopment.html",True,,inspired,Inspir*,Germany,Europe,,,,,,,Mincor® TX TT textile coating,False,True,False,False,False,DEU,Germany
104,"Complete, no interview",,In Development,,,,,,,,,,,,Duke University,,,Miniaturized condensers.,False,Lotus leaf and mushrooms,"Lotus leaf- superhydrophobicity, Mushrooms- spore discharge powered by the energy released when dew droplets merge on them.",True,Plantae,Plants,Anthophyta,Tissue,Cell,Organ,2.0,False,,True,False,,https://web.duke.edu/uphyl/research.html,True,,Bio-inspired,Inspir*,USA,North America,,,,,,,,False,True,True,False,False,USA,United States
105,"Complete, no interview",,"Discontinued, was Commercially Available",,,,,,,,,,,,Qualcomm,,Mirasol™ display technology,Electronic display.,False,Butterfly wings and peacock feathers,Structure of wings and feathers is mimicked to produce vivid colours.,False,Animalia,Invertebrates,Arthropoda,Tissue,Cell,Organ,1.0,False,,True,False,,"http://www.qualcomm.com/
http://www.qualcomm.com/media/press-kits/mirasolr-display-technology/videos
http://www.qualcomm.com/mirasol/benefits",True,,Mimic,Mimi*,USA,North America,,,,,,,Mirasol™ display technology,False,True,False,False,False,USA,United States
106,"Complete, no interview",,In Development,,,,,,,,,,True,,"University of Maryland, Clarke School of Engineering",True,Monocopter,Single winged flying object.,False,Samara (maple seed),Maple seed that 'helicopters' to the ground.,False,Plantae,Plants,Anthophyta,Organ,Tissue,Organ System,1.0,False,,True,False,,"http://www.agrc.umd.edu/news/news_story.php?id=4460
http://www.evarobotics.com/latest-articles/robotic-maple-seed, Journal article in file. ",True,,Mimic,Mimi*,USA,North America,,,,,,,Monocopter,False,True,False,False,False,USA,United States
107,"Complete, no interview",,"Discontinued, was Commercially Available",,,,,,,,,,False,,Teijin Fibers Limited,,Morphotex structural colored fibers,Fibers coloured by structural colouration (no dyes or pigments).,False,South American Morphobutterfly wing,,False,,,,Tissue,Cell,Organ,1.0,False,,True,False,,"https://www.teijin.co.jp/english/
http://www.teijin.co.jp/english/ir/doc/annual2005/ar2005_79-93.pdf",True,,Mimicking,Mimi*,,,,,,,,,Morphotex structural colored fibers,False,True,False,False,False,,
108,"Complete, no interview",,In Development,,,,,,,,,,,,Kansai University,,,Microneedle.,False,Mosquito proboscis,,False,Animalia,Invertebrates,Arthropoda,Organ,Tissue,Organ System,1.0,False,,True,False,,http://www.kansai-u.ac.jp/English/academics/fac_eng.html,True,,Imitating,Imitat*,Japan,Asia,,,,,,,,False,True,False,False,False,JPN,Japan
109,"Complete, no interview",,In Development,,,,,,,,,,,,Nagaoka University of Technology,,,Antireflective coatings.,False,Moth eye,Acrylic resin used to achieve moth eye patterning for anti-reflective properties,False,Animalia,Invertebrates,Arthropoda,Tissue,Cell,Organ,1.0,False,,True,False,,http://voice.nagaokaut.ac.jp/,True,,Biomimetic,Biomimet*,Japan,Asia,,,,,,,,False,True,False,False,False,JPN,Japan
110,"Complete, no interview",,"Discontinued, was Commercially Available",,,,,,,,,,,,MacDermid Autotype Limited,,MothEye and MARAG™ films,Anti-reflective and anti-glare films.,False,Nocturnal moth eyes,Mimics the nanostructures found on eyes of nocturnal moths to develop anti-reflective and anti-glare films,False,,,,Tissue,Organ,,1.0,False,,True,False,,http://www.macdermidautotype.com/,False,,,,UK,Europe,,,,,,,MothEye and MARAG™ films,False,True,False,False,False,GBR,United Kingdom
111,"Complete, no interview",,Commercially Available,,,,,,,,,,,,,,MUTE File Sharing,Peer-to-peer network.,False,Ant behavior,Ant-inspired message routing scheme,False,Animalia,Invertebrates,Arthropoda,Organism,Population,Organ System,0.0,False,,True,False,,"http://mute-net.sourceforge.net/
http://mute-net.sourceforge.net/howAnts.shtml",True,,inspired,Inspir*,USA,North America,,,,,,,MUTE File Sharing,True,False,False,False,False,USA,United States
112,"Complete, no interview",,In Development,,,,,,,,,,,,NanoTech Security (acquired by META Materials 2024),,Nano-Optic Technology for Enhanced Security (NOtES),Nanotechnology designed into specialized optics which can't be reproduced by counterfeit,False,Blue morpho butterfly wings,,False,Animalia,Invertebrates,Arthropoda,Tissue,Cell,Organ,1.0,False,,True,False,,http://www.nanosecurity.ca/products.php,False,,,,Canada,North America,,,,,,,Nano-Optic Technology for Enhanced Security (NOtES),False,True,False,False,False,CAN,Canada
113,"Complete, no interview",,Commercially Available,,,,,,,,,,False,,Georgia Tech Research Corporation,True,,Nano-scale to micro-scale silica structures,False,Sponges' production of biosilica,Mimics the way that sponge cells biomineralize silicic acid into biosilica on their spiculae,False,Animalia,Invertebrates,Porifera,Cell,Organelle,Tissue,1.0,False,,True,False,,"https://techfinder.gtrc.gatech.edu/UREF1311048146826923/TF_Technology_Input/K2AE1502134157448830/A11146826923
http://www.asknature.org/product/5dceefaf6a54230fe33ae1e7e67dfdd6",False,,,,USA,North America,,,,,,,,False,False,True,False,False,USA,United States
114,"Complete, with interview",,Commercially Available,1990.0,1990,,1990.0,1990,,1994.0,1994,,False,,"NanoChem Solutions, Inc.",True,,NanoChem BioPolymers,False,Oyster Shell Protein (OSP),Oysters' protein-based agents (aspartic proteins) that mold calcium carbonate into their shells' shape.,False,Animalia,Invertebrates,Mollusca,Tissue,Cell,Organ,0.0,False,,True,False,,http://www.nanochemsolutions.com/biopolymer/products.shtml,False,,,,USA,North America,,,,,,,,True,False,False,False,False,USA,United States
115,"Complete, no interview",,In Development,,,,,,,,,,,,"University of Michigan, Biomedical Engineering Department and Chemical Engineering Department",,,Nanopore measuring device,False,Silk moth antennae,"Inspired by the olfactory sensilla of silk moth antennae, lipid-coated nanopores.  Product mimics the fluid lipid bilayer coating.",False,Animalia,Invertebrates,Arthropoda,Tissue,Cell,Organ,1.0,False,,True,False,,http://www.bme.umich.edu/labs/biomembrane/research/index.html#nanopore,False,,,,USA,North America,,,,,,,,False,True,False,False,False,USA,United States
116,"Complete, no interview",,Commercially Available,,,,,,,,,,False,,Schoeller Technologies AG,,NanoSphere® fabric finish,"Self-cleaning, dirt- and water-repellant fabric finish",False,Lotus leaf,Self-cleaning properties due to the structure of the Lotus leaf,True,Plantae,Plants,Anthophyta,Tissue,Cell,Organ,1.0,False,,True,False,,http://www.nanosphere.ch/index.php?id=9,False,,,,Switzerland,Europe,,,,,,,NanoSphere® fabric finish,False,True,False,False,False,CHE,Switzerland
117,"Complete, no interview",,In Development,,,,,,,,,,,,"Harvard University, Wyss Institute for Biologically Inspired Engineering",,,Twistless spring.,False,Cucumber plant (Cucumis sativus) climbing tendrils,When tension is increased on the coiled tendrils the plant responds by counterintuitively overwinding the coils in the tendril.  Coiling occurs via asymmetric contraction of an internal fiber ribbon of specialized cells.,False,Plantae,Plants,Anthophyta,Organ,Tissue,Organ System,1.0,False,,True,False,,http://wyss.harvard.edu/viewpressrelease/94/uncoiling-the-cucumbers-enigma,True,,Bio-inspired,Inspir*,USA,North America,,,,,,,,False,True,False,False,False,USA,United States
118,"Complete, with interview",,Commercially Available,1984.0,1984,,1986.0,1986,,1990.0,1990,,,,Nikwax®/Páramo®,,"Analogy® fabric, or Directional® fabric",Waterproof fabric,False,Mammal fur and bird feathers,"Mimics the way in which mammals stay dry and comfortable through fur and feathers, water is pumped away faster than it can be pushed in.",False,Animalia,Chordates,Chordata,Tissue,Cell,Organ,2.0,False,,True,False,Design to Biology,"http://www.directionaltextiles.com/
Interview",True,,Mimic,Mimi*,UK,Europe,,,,,,,"Analogy® fabric, or Directional® fabric",False,True,True,False,False,GBR,United Kingdom
119,"Complete, no interview",,Commercially Available,,,,,,,,,,False,,Novomer (acquired by Danimer Scientific 2021),True,,Cabon dioxide-based plastics,False,Rubisco enzyme (photosynthesis),"Technique mimics the rubisco enzyme's reaction center, to bond carbon dioxide to a natural epoxide (limonene oxide)",False,,,,Molecule,,Organelle,0.0,False,,True,False,,http://www.novomer.com/?action=main,False,,,,USA,North America,,,,,,,,True,False,False,False,False,USA,United States
120,"Complete, no interview",,In Development,,,,,,,,,,,,"Stanford University, Department of Electrical Engineering",,,Optical hydrophone.,False,Orca ears,How orcas sense sounds over a wide range of frequencies.,False,Animalia,Chordates,Chordata,Organ,Tissue,Organ System,0.0,False,,True,False,,"http://news.stanford.edu/news/2011/june/orca-ears-microphone-062311.html
J. Acoust. Soc. Am. Volume 129, Issue 4, pp. 1837-1850 (2011); (14 pages)
Onur Kilic, Michel J. F. Digonnet, Gordon S. Kino, and Olav Solgaard
E. L. Ginzton Laboratory, Stanford University, 348 Via Pueblo Mall, Stanford, California 94305 ",False,,,,USA,North America,,,,,,,,True,False,False,False,False,USA,United States
121,"Complete, no interview",,In Development,,,,,,,,,,,,"Marine Biological Laboratory, Woods Hole",,,Optical metamaterials.,False,Cephalopod skin,"Cephalopods possess chromatophores (colour) iridophores (reflection), and opsins (sense incoming light) in their skin, which allow for colour changes.  What isn't clear is how the researcher is applying mimicry to material.",False,Animalia,Invertebrates,Mollusca,Cell,Organelle,Tissue,0.0,False,,True,False,,http://hermes.mbl.edu//mrc/hanlon/coloration.html,False,,,,USA,North America,,,,,,,,True,False,False,False,False,USA,United States
122,"Complete, no interview",,In Development,,,,,,,,,,False,,"Harvard University, Wyss Institute for Biologically Inspired Engineering",True,,Organ on a chip.,False,Human organ,Combine circuitry with living cells to mimic human organs.,False,Animalia,Chordates,Chordata,Tissue,Cell,Organ,2.0,False,Sometimes use cells?,True,False,,http://wyss.harvard.edu/viewmedia/109/lungonachip-microdevice,True,,Mimic,Mimi*,USA,North America,,,,,,,,False,True,False,True,False,USA,United States
123,"Complete, with interview",,Commercially Available,1998.0,Late 90s,,2000.0,2000 & 2001,,2006.0,2006,,False,,Arnold Glas,True,ORNILUX,Insulated transparent glass sheeting which is designed to reduce bird collisions.,False,Spider webs (of orb weavers),Some species of spiders (orb weavers) incorporate UV-reflective silk strands into their webs to make them visible for birds.,False,Animalia,Invertebrates,Arthropoda,Tissue,Cell,Organ,0.0,False,,True,False,Biology to Design,"http://www.ornilux.com/history-research.html
http://www.google.com/patents/EP2174545A1?cl=en",True,,Biomimetic,Biomimet*,USA,North America,,,,,,,ORNILUX,True,False,False,False,False,USA,United States
124,"Complete, no interview",,Commercially Available,,,,,,,,,,,,Cyclus,,Pangolin backpack,Backpack,False,Pangolin scales,,False,Animalia,Chordates,Chordata,Tissue,Cell,Organ,1.0,False,,True,False,,http://www.cyclus.com.co/en,True,,inspiration,Inspir*,Colombia,South America,,,,,,,Pangolin backpack,False,True,False,False,False,COL,Colombia
125,"Complete, with interview",,Commercially Available,1997.0,1997,,1999.0,1999,,2008.0,2008,,False,,PAX Scientific,True,PAX Water Mixer,Vortical water mixer.,False,Vortical/Spiral flows,"Inspired by spiral flows observed in nature, including how kelp move in a spiral movement in response to water movement (and whirlpools).",False,Protista,Other,Heterokontophyta,Organism,Organ System,Population,1.0,False,,True,False,Biology to Design,http://www.paxscientific.com/tech_what.html#mixer,True,,Biomimicry,Biomimic*,USA,North America,,,,,,,PAX Water Mixer,False,True,False,False,False,USA,United States
126,"Complete, with interview",,Commercially Available,1994.0,1994,,2004.0,2004,,2007.0,2007,,True,,Phillips Helmets Limited,True,Phillips Head Protection System (PHPS),The Phillips Head Protection System (PHPS) is a helmet with a lubricated high-tech polymer membrane over the outside of the helmet.,False,Human head,"Not only has hard bottom layer, but top layer that acts as skin, forming an additional interface between the helmet and the tarmac.",False,Animalia,Chordates,Chordata,Organ,Tissue,Organ System,1.0,False,,True,False,Design to Biology,"http://www.phillipshelmets.com/
http://www.google.com/patents/EP1404189B1?cl=en&dq=EP1404189A1&hl=en&sa=X&ei=wyWIUc7FD5T8yAHMh4GACg&ved=0CDUQ6AEwAA",True,,Mimic,Mimi*,UK,Europe,,,,,,,Phillips Head Protection System (PHPS),False,True,False,False,False,GBR,United Kingdom
127,"Complete, no interview",,"Discontinued, was Commercially Available",,,,,,,,,,,,Brinker Technology (dissolved 2016),,Platelet Technology ™,Pipeline leak sealer,False,Platelets,Mimic platelets- flow through a system and seal up leak,False,Animalia,Chordates,Chordata,Cell,Organelle,Tissue,1.0,False,,True,False,,"http://www.raeng.org.uk/news/releases/shownews.htm?NewsID=325, http://www.talentscotland.com/Workers/Industries/Energy/Employers/By-AZ/Company-Profile.aspx?companyID=%7B06393A2B-DED7-4C83-93F6-204823F2DDE5%7D",,,,,UK,Europe,,,,,,,Platelet Technology ™,False,False,True,False,False,GBR,United Kingdom
128,"Complete, with interview",,Commercially Available,2004.0,2004,,2005.0,2005,,2008.0,2008,,False,,Pneumocell,True,Pneumocell,Standardized building blocks,False,Soap bubbles,Form and stability of a cell from its outer membrane and inner pressure,False,,,,Cell,Organelle,Tissue,,False,,False,False,,"http://www.pneumocell.com/pneumocell.html
http://www.google.com/patents/EP1812668B1?cl=en&dq=thomas+herzig&hl=en&sa=X&ei=Iy-IUZGtPMq8yAHdtIHIAQ&ved=0CDUQ6AEwAA",False,,,,Austria,Europe,,,,,,,Pneumocell,False,False,False,False,True,AUT,Austria
129,"Complete, no interview",,Concept,,,,,,,,,,,,,,,Polar thermos cozy,False,Polar bear fur,,False,Animalia,Chordates,Chordata,Tissue,Cell,Organ,1.0,False,,True,False,,Can't find any sources other than ask nature,,,,,,,,,,,,,,False,True,False,False,False,,
130,"Complete, no interview",,In Development,,,,,,,,,,True,,The Regents of the University of Michigan,True,,Polymer nanocomposite material,False,Mother of pearl (nacre),Built up a strong material by adding layers in an ,False,Animalia,Invertebrates,Mollusca,Tissue,Cell,Organ,1.0,False,,True,False,,http://macromolecular.umich.edu/faculty/arruda/arruda.html,True,,Mimics,Mimi*,USA,North America,,,,,,,,False,True,False,False,False,USA,United States
131,"Complete, no interview",,In Development,,,,,,,,,,,,"Uppsala University, Angstrom Laboratory",,,Polymer-cellulosic batteries,False,Cladophora algae,Algal cellulose fibers coated with a thin layer of conducting polymer,False,Plantae,Plants,Chlorophyta,Tissue,Cell,Organ,,True,Cladophora algae,False,False,,http://www.polacksbacken.uu.se/,,,,,Sweden,Europe,,,,,,,,False,False,False,False,True,SWE,Sweden
132,"Complete, no interview",,Commercially Available,,,,,,,,,,,,"Wastewater Compliance Systems, Inc.",,Bio-domes,Domes lined in biofilm to process wastewater,False,Natural bacteria in water,"Product is lined with biofilm, and hosts heterotrophic and autotrophic bacteria that process the wastewater.",True,Monera,Other,,Tissue,Cell,Organ,,True,Aquatic bacteria,False,True,,http://www.wastewater-compliance-systems.com/poo-gloos.html,False,,,,USA,North America,,,,,,,Bio-domes,False,False,False,False,True,USA,United States
133,"Complete, no interview",,"Discontinued, was Commercially Available",,,,,,,,,,False,,Konarka Technologies (bankrupt 2012),,Power Plastic®,solar cell technology,False,Photosynthesis,Solar cells mimic electron transport chain of photosynthesis,True,,,,Organelle,Molecule,Cell,1.0,False,,True,False,,http://www.konarka.com/index.php/power-plastic/about-power-plastic/,False,,,,USA,North America,,,,,,,Power Plastic®,False,False,True,False,False,USA,United States
134,"Complete, with interview",,Commercially Available,2006.0,2006,,2006.0,2006,,2014.0,2014,,False,,RavenBrick LLC,True,RavenWindow,Thermally-tintable glass.,False,Passive pigmentation and thermoregulation,"Passive pigmentation in cephalopods and many lizard species, passive thermoregulation in different phylogenetic kingdoms.",True,Animalia,,,Cell,Organelle,Tissue,,False,,False,True,,http://www.ravenbrick.com/,False,"AskNature
http://www.asknature.org/product/4c61cb49bbcffa2302633dc8d3c135b0",,,USA,North America,,,,,,,RavenWindow,False,False,False,False,True,USA,United States
135,"Complete, no interview",,Commercially Available,,,,,,,,,,False,,REGEN Energy™,True,EnviroGrid™,Wireless energy management solution.,False,Bee communication,"Mimics the way that bees communicate (""swarm logic"") and coordinate with each other using simple rules.  The devices communicate among themselves autonomously. Using their algorithm, the devices spread out energy demand between devices. ",False,Animalia,Invertebrates,Arthropoda,Organism,Organ System,Population,1.0,False,,True,False,,http://www.regenenergy.com/,False,,,,Canada,North America,,,,,,,EnviroGrid™,False,False,True,False,False,CAN,Canada
136,"Complete, with interview",,Commercially Available,1989.0,1989,,1992.0,Early 1990s,,1998.0,Late 1990s,,False,,SAGE Electrochromics (acquired by Saint-Gobain 2012),True,SageGlass,electronically-stimulated pigment tints glass,False,Passive pigmentation and thermoregulation,"Passive pigmentation in cephalopods and many lizard species, passive thermoregulation in different phylogenetic kingdoms.",True,Animalia,,,Cell,Organelle,Tissue,,False,,False,False,,http://sageglass.com/technology/,False,"AskNature
http://www.asknature.org/product/02f1efba126122650d1691e800739a78",,,USA,North America,,,,,,,SageGlass,False,False,False,False,True,USA,United States
137,"Complete, no interview",,In Development,,,,,,,,,,,,Yale University,,,Self-assembling laser,False,Feathers,Inspired by how two types of nanoscale structures on the feathers of birds produce brilliant and distinctive colours.,False,Animalia,Chordates,Chordata,Tissue,Cell,Organ,1.0,False,,True,False,,http://appliedphysics.yale.edu/hui-cao,,,,,USA,North America,,,,,,,,False,True,False,False,False,USA,United States
138,"Complete, no interview",,In Development,,,,,,,,,,,,"Ariel University, Polymer & Composite Materials Laboratory",,,Self-cleaning fabric,False,Lotus on their website - asknature says pigeon feathers,Superhydrophobicity of lotus leaf,True,Plantae,Plants,Anthophyta,Tissue,Cell,Organ,1.0,False,,True,False,,Need more sources,,,,,Israel,Asia,,,,,,,,False,True,False,False,False,ISR,Israel
139,"Complete, no interview",,In Development,,,,,,,,,,,,University of Florida,,,Self-cleaning optical coatings,False,Moth eyes and cicada wings,Coating mimics microscopic structure found in moth eyes and cicada wing structure (protrusions surrounded by tiny pockets of air that buoy water droplets),True,Animalia,Invertebrates,Arthropoda,Tissue,Cell,Organ,1.0,False,,True,False,,http://www.che.ufl.edu/jiang/,True,,Biomimetic,Biomimet*,USA,North America,,,,,,,,False,True,False,False,False,USA,United States
140,"Complete, no interview",,In Development,,,,,,,,,,,,University of Florida,,,Self-cleaning surface,False,Hairs of spiders and other organisms (such as Lady's Mantle leaf),"Microscopic fibers of varying lengths enable water droplets to maintain a perfectly spherical shape, rolling away without dragging on the surface",True,Animalia,Invertebrates,Arthropoda,Tissue,Cell,Organ,1.0,False,,True,False,,http://sigmund.mse.ufl.edu/hairysurfaces.htm,,,,,USA,North America,,,,,,,,False,True,False,False,False,USA,United States
141,"Complete, no interview",,In Development,,,,,,,,,,,,"Arizona State University, Department of Mechanical and Aerospace Engineering",,,Self-healing Autonomous Material,False,Bone,"Detects damage and triggers healing response, like bone.",False,Animalia,Chordates,Chordata,Cell,Organelle,Tissue,1.0,False,,True,False,,http://more.engineering.asu.edu/research/,,,,,USA,North America,,,,,,,,False,False,True,False,False,USA,United States
142,"Complete, no interview",,Commercially Available,,,,,,,,,,,,"Airlight, Swiss Federal Laboratories for Materials Science and Technology (EMPA)",,Tensairity,Pneumatic beam that self heals,False, Aristolochia stems (it's a plant),"The product can 'self' heal when a hole occurs by mimicking the self healing process of vines that, when they crack, cells move to seal the crack due to high turgor pressure",False,Plantae,Plants,Anthophyta,Cell,Organelle,Tissue,1.0,False,,True,False,,"http://www.empa.ch/plugin/template/empa/*/106503
http://www.airlight.biz/",True,,Biomimetic,Biomimet*,Switzerland,Europe,,,,,,,Tensairity,False,False,True,False,False,CHE,Switzerland
143,"Complete, with interview",,Commercially Available,1989.0,1989,,,?,,,?,,False,,"Natural Process Design, Inc.",True,,Self-repairing concrete,False,Bone repair,"The product releases chemicals from fibers into matrix microcracks, so that development of further damage can be prevented. The repair fibers also release chemicals between delaminating layers or re-bonded fibers to the matrix.",True,Animalia,Chordates,Chordata,Cell,Organelle,Tissue,,False,,False,False,,www.naturalprocessdesign.com/,True,,Inspiration,Inspir*,USA,North America,,,,,,,,False,False,False,False,True,USA,United States
144,"Complete, no interview",,In Development,,,,,,,,,,False,,"University of Michigan, Advanced Civil Engineering- Materials Research Lab",True,,Self-repairing concrete,False,No specific mimic,,True,,,,,,,0.0,False,,True,False,,http://ace-mrl.engin.umich.edu/,False,,,,USA,North America,,,,,,,,True,False,False,False,False,USA,United States
145,"Complete, with interview",,In Development,2007.0,2007,,2010.0,2010,,,,,,,Fraunhofer Institute for Environmental Safety and Energy Technology,,,Self-repairing elastomers,False,Haevea brasiliensis (caoutchouc tree) and plants that contain latex (like Weeping Benjamin)  Rubber tree,"If the caoutchouc tree is damaged, latex escapes and the capsules break open to release hevein, which also links the latex particles in the latex to form a wound closure.",True,Plantae,Plants,Anthophyta,Cell,Organelle,Tissue,1.0,False,,True,False,Design to Biology,http://www.umsicht.fraunhofer.de/en/press-media/press-releases/2011/defective-plastics-repair-themselves.html,True,,inspiration,Inspir*,Germany,Europe,,,,,,,,False,False,True,False,False,DEU,Germany
146,"Complete, with interview",,Commercially Available,1989.0,1989,,,?,,,?,,True,,"Natural Process Design, Inc.",True,,Self-repairing composites,False,"No specific mimic (website: ""nature builds"", ""nature self forms""…)",,True,,,,,,,,False,,False,False,,www.naturalprocessdesign.com/,True,,Biomimetic,Biomimet*,USA,North America,,,,,,,,False,False,False,False,True,USA,United States
147,"Complete, with interview",,In Development,2002.0,2002,,2002.0,2002,,,,,,,Fraunhofer Institute for Manufacturing Engineering and Applied Materials Research IFAM,False,SHARK-TECH,"Sharkskin-like paint, reduces drag",False,Shark skin,Teeth-like denticles prevent fouling,True,Animalia,Chordates,Chordata,Tissue,Cell,Organ,1.0,False,,True,False,,http://www.ifam.fraunhofer.de/en/Bremen/Klebtechnik_Oberflaechen.html,False,,,,Germany,Europe,,,,,,,SHARK-TECH,False,True,False,False,False,DEU,Germany
148,"Complete, with interview",,Commercially Available,2007.0,2007,,2009.0,2009,,2010.0,2010,,False,,"Sharklet Technologies, LLC",True,Sharklet,Microscopically patterned surface discourages bacterial growth,False,Shark skin patterning,Shark skin denticles are arranged in a distinct diamond pattern with tiny riblets.  Sharklet's surface topography is made of millions of microscopic diamonds that disrupt the ability for bacteria to accumulate and form biofilms.,True,Animalia,Chordates,Chordata,Tissue,Cell,Organ,1.0,False,,True,True,Design to Biology,http://www.sharklet.com/technology/,True,,Inspired,Inspir*,USA,North America,,,,,,,Sharklet,False,True,False,False,False,USA,United States
149,"Complete, no interview",,Commercially Available,,,,,,,,,,,,Japan Railways Group,,Shinkansen Bullet Train,Train has a streamlined forefront and structural adaptations to reduce noise,True,"Kingfishers bills, Adelie penguin shape, and owl feathers","Mimics shape of kingfisher bill, shape of Adelie Penguin body, and serrations on owl primary feathers to reduce noise",False,Animalia,Chordates,Chordata,Organ,Tissue,Organ System,1.0,False,,True,False,,http://www.westjr.co.jp/global/en/,False,,,,Japan,Asia,,,,,,,Shinkansen Bullet Train,False,True,False,False,False,JPN,Japan
150,"Complete, no interview",,In Development,,,,,,,,,,,,"Harvard University, Wyss Institute for Biologically Inspired Engineering",,Shrilk composite film,Material,False,Insect cuticle,"Material is biomimetic in that it copies the layers of protein and chitin organized in a laminar structure found in insect cuticle.  However, it also has a component of bioutilization because they harvest chitosan from shrimp shells, and fibroin from silk.",False,Animalia,Invertebrates,Arthropoda,Tissue,Cell,Organ,1.0,True,"Shrimp shells (chitosan), and whichever species made the silk (fibroin)",True,False,,"http://www.scientificamerican.com/podcast/episode.cfm?id=insect-cuticle-inspires-new-materia-11-12-20
http://wyss.harvard.edu/viewpage/our-work/our-work",True,,Bio-inspired,Inspir*,USA,North America,,,,,,,Shrilk composite film,False,True,False,False,False,USA,United States
151,"Complete, no interview",,"Discontinued, was Commercially Available",,,,,,,,,,,,,True,,Tunnel borer used to dig the Thames Tunnel (from 19th century),False,Shipworm (Teredo navalis),Mimicked the anatomy and wood-boring mechanisms of Teredo in his design of the tunnelling shield used to construct the Thames Tunnel. ,False,Animalia,Invertebrates,Mollusca,Organism,Organ System,Population,2.0,False,,True,False,,http://www.asknature.org/product/689fd8eaadf3fb570097fa5c4ffb7049,,,,,UK,Europe,,,,,,,,False,True,True,False,False,GBR,United Kingdom
152,"Complete, no interview",,In Development,,,,,,,,,,,,"Harvard University, Aizenberg Biomineralization and Biomimetics Lab",,Slippery Liquid Infused Porous Surface (SLIPS),Self-cleaning coating that mimics pitcher plants,False,Pitcher plants (Nepenthes),"Pitcher plants' leaves have a hydrophobic, oleophobic surface thanks to their spongelike texture infused with water.  The mimic is a ""lubricating film"" immobilised in a nano/microstructured substrate. ",True,Plantae,Plants,Anthophyta,Tissue,Cell,Organ,1.0,False,,True,False,,http://aizenberglab.seas.harvard.edu/index.php?show=research_topic&top=9,False,,,,USA,North America,,,,,,,Slippery Liquid Infused Porous Surface (SLIPS),False,True,False,False,False,USA,United States
153,"Complete, no interview",,In Development,,,,,,,,,,,,University of Bath,,,Smart Bandage that selectively kills bad bacteria,False,"Cells (""human cells"")","The microscopic, sac-like structures developed for the smart bandage mimic human cells, which causes harmful bacteria to attack the structures. Once they are attacked they break open releaseing anti-bacterial agents to kill the harful bacteria.",False,,,,Cell,Organelle,Tissue,1.0,False,,True,True,,"http://www.bath.ac.uk/
http://www.bath.ac.uk/rdso/kta/projects/novel_responsive_dressing.html",False,,,,UK,Europe,,,,,,,,False,True,False,False,False,GBR,United Kingdom
154,"Complete, no interview",,In Development,,,,,,,,,,,,SMIT (Sustainably Minded Interactive Technology),,Solar Ivy,Many solar panels on leaf-like structures that span the side of a building,False,Ivy leaves,"Mimics the look and function (""providing shade"", according to company website) of ivy, and has wind and solar power generating photovoltaic leaves.",True,Plantae,Plants,Anthophyta,Organism,Organ System,Population,,False,,False,True,,http://solarivy.com/the_idea,True,,Inspiration,Inspir*,USA,North America,,,,,,,Solar Ivy,False,False,False,False,True,USA,United States
155,"Complete, no interview",,In Development,,,,,,,,,,,,University of Jilin,,,"Soil-moving equipment that uses electrical currents to lubricate parts, and reduce resistance",False,Earthworms and Dung beetles,"From study of how earthworms and dung beetles ease their path through the soil.  Skin is rough, so water is encouraged to migrate to relatively small areas where lubrication is of maximum benefit.  These organisms also use bioelectricity to pass more easily through soil.",False,Animalia,Invertebrates,Arthropoda,Tissue,Cell,Organ,2.0,False,,True,False,,Need source,,,,,China,Asia,,,,,,,,False,True,True,False,False,CHN,China
156,"Complete, no interview",,In Development,,,,,,,,,,,,Solar Botanic Ltd.,,Energy Trees,"Energy-harvesting trees- they look like trees, and the ""leaves"" collect solar energy as well as wind energy.",False,Trees,The product is designed to collect energy from the sun (and the wind - not biomimetic) and it looks like a tree (also not biomimetic),True,Plantae,Plants,,Organism,Organ System,Population,,False,,False,True,,http://solarbotanic.com/products/,True,,Biomimicry,Biomimic*,UK,Europe,,,,,,,Energy Trees,False,False,False,False,True,GBR,United Kingdom
157,"Complete, no interview",,Commercially Available,,,,,,,,,,False,,Solar Sailor,True,Solarsails,Solarsails harness both wind and solar energy to power marine vehicles.,True,Insect wings,Ancestral insect wings as solar collectors.,True,Animalia,Invertebrates,Arthropoda,Organ,Tissue,Organ System,1.0,False,,True,False,,"http://solarsailor.com/
http://solarsailor.com/expo-ferry-rides-on-sun-and-wind-using-technology-based-on-the-evolution-of-insects-wings/",False,,,,Australia,Oceania,,,,,,,Solarsails,False,True,False,False,False,AUS,Australia
158,"Complete, no interview",,Commercially Available,,,,,,,,,,,,"Stephen J. Salter, P Eng",,,Solar water still and pump.,False,Tree transpiration,"Like a tree, it uses solar power to wick water up from underground, then captures the evaporated water.",False,Plantae,Plants,,Organ System,Organ,Organism,2.0,False,,True,True,,http://www3.telus.net/farallon/,False,,,,Canada,North America,,,,,,,,False,True,True,False,False,CAN,Canada
159,"Complete, no interview",,Commercially Available,,,,,,,,,,True,,Stabilitech Ltd.,True,,vaccine stabilization technology,False,"""Nature"" (e.g. seeds which can be exposed to variable conditions and then germinate successfully)",No specific mimic named.,False,,,,Tissue,Cell,Organ,0.0,False,,True,False,,http://www.stabilitech.com/,True,,Biomimicry,Biomimic*,UK,Europe,,,,,,,,True,False,False,False,False,GBR,United Kingdom
160,"Complete, with interview",,In Development,2008.0,2008,,,,,,,,,,TECTONICA Architecture,True,Anti-Seismic Concrete Bones for Buildings (formerly known as STICK.S),"Lightweight, reinforced concrete biostructure",False,Bones,Hollow cylinder design of the femur provides maximum strength with minimum weight- STICK.S has a hollow beam design. Mechanical efficiency of human bones via its morphological adaptation to force.,False,Animalia,Chordates,Chordata,Organ,Tissue,Organ System,1.0,False,,True,False,Design to Biology,http://metatectonica.blogspot.ca/,True,,Biomimicry,Biomimic*,Puerto Rico,North America,,,,,,,Anti-Seismic Concrete Bones for Buildings (formerly known as STICK.S),False,True,False,False,False,PRI,Puerto Rico
161,"Complete, no interview",,In Development,,,,,,,,,,,,,,Strait Power,"Hydropower turbine has a double converging nozzle, which causes a pressure differential and produces more energy",False,Basking shark mouth/head,Water is passively pushed through the basking shark's pharynx by a pressure differential,False,Animalia,Chordates,Chordata,Organ,Tissue,Organ System,1.0,False,,True,False,,http://www.designboom.com/design/anthony-reale-strait-power/,False,,,,USA,North America,,,,,,,Strait Power,False,True,False,False,False,USA,United States
162,"Complete, no interview",,In Development,,,,,,,,,,False,,SunPoint Technologies Inc.,True,,Solar tracking system allows photovoltaic (PV) panels to follow the sun.,False,Sunflower,"Mimics the sunflower’s heliotropic mechanism, passively manipulating a photovoltaic solar panel throughout the day to maximize energy output.",True,Plantae,Plants,Anthophyta,Tissue,Cell,Organ,0.0,False,,True,False,,"http://www.asknature.org/product/7828bc05c6e0a73de6ab8a68e879e427
http://www.sunpointcorp.com - company website not working",False,,,,USA,North America,,,,,,,,True,False,False,False,False,USA,United States
163,"Complete, no interview",,In Development,,,,,,,,,,,,Isis Innovation,,"SpyTag (peptide), SpyCatcher (protein partner)",Supersticky but selective glue.,False,Streptococcus pyogenes (flesh-eating bacteria) protein.,"The bacterium uses the protein FbaB to help invade human cells. The researchers genetically split a domain of FbaB into two parts--a small peptide component and a larger protein component. Thus, rather than the amide bond formation occurring within the protein, amide bond formation could serve to lock two separate molecules together.",False,Monera,Other,Firmicutes,Organism,Organelle,Population,,True,Streptococcus pyogenes,False,False,,"http://www.isis-innovation.com/
http://www.isis-innovation.com/licensing/4312.html",False,Ask Nature - though they admit to it not being mimicry,,,UK,Europe,,,,,,,"SpyTag (peptide), SpyCatcher (protein partner)",False,False,False,False,True,GBR,United Kingdom
164,"Complete, no interview",,Commercially Available,,,,,,,,,,False,,SupraPolix BV,True,SupraB® advanced polymer,"Strong, elastic, adaptable, self-healing polymer that also possesses shape-memory",False,Skeletal muscle protein,"Mimicked a skeletal muscle protein, titin, to produce a synthetic polymer that shares these characteristics (adaptive, self-healing, possessing shape-memory) by taking advantage of bioinspired molecular interactions.  The polymer was found to closely mimic both the architecture of titin, its physical properties, and its adaptability. ",False,Animalia,Chordates,Chordata,Cell,Organelle,Tissue,1.0,False,,True,False,,http://www.suprapolix.com/pages/polymers,False,,,,Netherlands,Europe,,,,,,,SupraB® advanced polymer,False,False,True,False,False,NLD,Netherlands
165,"Complete, no interview",,In Development,,,,,,,,,,True,,"Phillip Messersmith, Northwestern University",True,,Surface-immobilized anti-microbial peptoids,False,Natural antimicrobial peptides (AMPs),"These peptoids (synthetic amino acids) mimic natural antimicrobial peptides (AMPs) in function, as well as mimicking the helical folding of natural peptides.",False,,,,Molecule,,Organelle,1.0,False,,True,False,,"http://biomaterials.bme.northwestern.edu/index.asp
More sources.",True,,Peptidomimetic,Mimet*,USA,North America,,,,,,,,False,True,False,False,False,USA,United States
166,"Complete, no interview",,In Development,,,,,,,,,,,,"Seoul National University, Multiscale Biomimetics Systems Laboratory ",,,Surgical microrobots,False,Bacterial propulsion,Swimming microrobots with a flagella propulsion system derived from bacteria such as E. coli.,False,Monera,Other,,Cell,Organelle,Population,1.0,False,,True,False,,http://mbsl.snu.ac.kr/research,True,,Biomimetic,Biomimet*,South Korea,Asia,,,,,,,,False,True,False,False,False,KOR,"Korea, Republic of"
167,"Complete, no interview",,In Development,,,,,,,,,,False,,Protein Polymer Technologies Inc. (PPTI),True,Surgical Tissue Sealant (STS),"Tissue adhesive technology uses a silk-elastin protein polymer to produce a tough, elastic hydrogel.",False,?,,False,,,,Molecule,,Organelle,,True,"Not specified, but uses elastin fibers found in tissues such as lungs and arteries",False,False,,Patent,False,,,,USA,North America,,,,,,,Surgical Tissue Sealant (STS),False,False,False,False,True,USA,United States
168,"Complete, no interview",,Concept,,,,,,,,,,,,Georgia Tech,,,"Bio-inspired adhesive that could be used for pain and residual free bandages, to replace surgical clamps, attach sensors, and assist robots in climbing.",False,Remora fish,"Structure and tissue of remora fish head, suction plate and skeletal structure",False,Animalia,Chordates,Chordata,Tissue,Organ,Organism,1.0,False,,True,False,,"http://journals.cambridge.org/action/displayAbstract?fromPage=online&aid=8834877
http://www.treehugger.com/natural-sciences/remora-fish-suckers-sea-inspiring-new-adhesives.html
http://www.gatech.edu/research/news/researchers-study-adhesion-system-remora-fish-create-bio-inspired-adhesive",True,,Bio-inspired,Inspir*,USA,North America,,,,,,,,False,True,False,False,False,USA,United States
169,"Complete, with interview",,Commercially Available,1997.0,1997,,1997.0,1997-2004,,2005.0,2005,,False,,Sycamore Technology,True,Sycamore™ Ceiling Fan,Single blade ceilling fan.,False,Sycamore tree seed pod,"Balances the weight of the seed and the length of the single wing, allowing the seeds to auto rotate smoothly during free fall.",False,Plantae,Plants,Anthophyta,Organ,Tissue,Organ System,1.0,False,,True,False,Biology to Design,http://www.sycamorefan.com/,True,,Inspired,Inspir*,Australia,Oceania,,,,,,,Sycamore™ Ceiling Fan,False,True,False,False,False,AUS,Australia
170,"Complete, no interview",,In Development,,,,,,,,,,,,"Linköping University

Ottawa Hospital Research Institute

University of Ottawa",,,Synthetic cornea implant. The synthetic cornea is made of collagen and encourages the regeneration of natural human tissue into the collagen matrix.,False,Natural corneas,,False,Animalia,,,Tissue,Cell,Organ,0.0,True,Collagen,True,False,,http://www.liu.se/en/?l=en,True,,Mimic,Mimi*,Sweden,Europe,,,,,,,,True,False,False,False,False,SWE,Sweden
171,"Complete, no interview",,Commercially Available,,,,,,,,,,True,,Sun Catalytix (acquired by Lockheed Martin 2014),,,Synthetic solar storage,False,Photosynthesis,,True,,,,Organelle,Molecule,Cell,0.0,False,,True,False,,http://www.suncatalytix.com/tech.html,True,,Mimicking,Mimi*,USA,North America,,,,,,,,True,False,False,False,False,USA,United States
172,"Complete, with interview",,In Development,2011.0,2011,,2013.0,2013,,2015.0,2015,,,,BiomiVal,True,Flamenco,Bidirectional wave turbine,False,"Four species: Flamingo (Phoenicopterus Ruber), Herodontus portjackoni eggs, Turbidae, and Mussels (Mytilidae )","Flamingo beak filtration, Herodontus egg shape, Turbidae shape, Mussel filtering",True,Animalia,,,Organ,Tissue,Organ System,2.0,False,,True,False,Biology to Design,http://www.biomival.com/,True,,Inspired,Inspir*,Spain,Europe,,,,,,,Flamenco,False,True,True,False,False,ESP,Spain
173,"Complete, with interview",,Concept,2009.0,2009,,2009.0,2009,,,,,,,"Eco-Movement

Ernst-Jan Mul Bio Inspired Design",True,The Fit,Environmentally friendly scooter.,True,"Several: Ribs, vertebrae and ligaments, trees, dolphins, thigh bones, and tendons","The detachable flexing attachments between the body and the frame mimic the connection of ribs and vertebrae by ligaments; the body of the scooter bends in the wind like a tree; the scooter has the optimal length-width ratio like a dolphin (1:4,5); the ""material where force is in frame-parts"" mimics the materialized stress lines in thigh bones; and the hierarchical build of the frame mimics the hierarchical build of tendons",True,Animalia,Chordates,Chordata,Organ System,Organ,Organism,2.0,False,,True,False,Design to Biology,http://www.ideal-co.nl/project/bio-inspired-scooter,True,,Biomimicry,Biomimic*,Netherlands,Europe,,,,,,,The Fit,False,True,False,True,False,NLD,Netherlands
174,"Complete, with interview",,In Development,1970.0,1970s,,,,,,,,,,The Land Institute,,,permaculture (perennial grain cropping); they are developing prototypes of plants that will produce useful crops and generate deep roots that will nourish the soil,False,Natural prairie ecosystem,Natural ecosystem structures and function,True,Plantae,Plants,,Community,Population,Ecosystem,0.0,True,Various plant species,True,True,Biology to Design,http://www.landinstitute.org/vnews/display.v/ART/2013/03/06/513a22329f471,True,,Mimic,Mimi*,USA,North America,,,,,,,,True,False,False,False,False,USA,United States
175,"Complete, no interview",,Commercially Available,,,,,,,,,,,,Spaldin Sleep Systems,,Tubes 84 Mattress,Mattress that is lightweight and well-aerated,False,Honeycomb structure in bee nests,,False,Animalia,Invertebrates,Arthropoda,,,,1.0,False,,True,False,,http://www.spaldin.com/ca/en,False,,,,,,,,,,,,Tubes 84 Mattress,False,True,False,False,False,,
176,"Complete, no interview",,Commercially Available,,,,,,,,,,False,,Italcementi S.p.A. (acquired by Heidelberg Materials 2016),,TX Active® cement,"The cement, called TX Active®, contains a binder laced with particles of titanium dioxide, which breaks down air pollutants when exposed to UV radiation.",False,,"Cement mimics the ability of many microbes to store or dispose of toxic substances by modifying their oxidation state through catalysis. - website says it was inspired by ""photocatalysis"", not microbes",False,,,,Cell,Organelle,Population,0.0,False,,True,True,,http://www.italcementigroup.com/ENG/Research+and+Innovation/Innovative+Products/,False,,,,Italy,Europe,,,,,,,TX Active® cement,True,False,False,False,False,ITA,Italy
177,"Complete, no interview",,In Development,,,,,,,,,,False,,Tel Aviv University,True,,Ultra-hard material,False,Beta-amyloid polypeptide,Beta-amyloid polypeptide accumulates in the brain of Alzheimer's patients.  The researchers have used the folding properties (diphenylalanine recognition motif) of this polypeptide to develop peptide nanotubes with the same strength.,False,Animalia,Chordates,Chordata,Molecule,,Organelle,1.0,True,Diphenylalanine recognition motif of Alzheimer's beta-amyloid polypeptide,True,False,,http://international.tau.ac.il/,True,,Peptidomimetic,Mimet*,Israel,Asia,,,,,,,,False,True,False,False,False,ISR,Israel
178,"Complete, no interview",,Commercially Available,,,,,,,,,,,,Warren and Mahoney Limited (architects),True,Upper Riccarton Community and School Library,Building with minimal energy use,False,Ecosystem  ,,True,,,,Ecosystem,Population,Biosphere,,False,,False,False,,"http://www.warrenandmahoney.com/en/portfolio/upper-riccarton-community-school-library/
http://www.asknature.org/product/522c0afe35244302db654f838bde07d0",False,Ask Nature,,,New Zealand,Oceania,,,,,,,Upper Riccarton Community and School Library,False,False,False,False,True,NZL,New Zealand
179,"Complete, no interview",,In Development,,,,,,,,,,,,"Cornell University, School of Chemical and Biomolecular Engineering",,,Vascular wound dressing; microstructured tissue templates (MTTs)- porous biomaterials which promote invasion and vascularization.,False,Microfluidic systems,,False,,,,Molecule,,Organelle,,False,,False,False,,,False,,,,USA,North America,,,,,,,,False,False,False,False,True,USA,United States
180,"Complete, no interview",,In Development,,,,,,,,,,,,Columbia University,True,Vertical Farming,Vertical farming,False,,,True,Plantae,Plants,,Ecosystem,Population,Biosphere,,True,Various,False,False,,http://www.mailman.columbia.edu/our-faculty/profile?uni=ddd1,False,,,,USA,North America,,,,,,,Vertical Farming,False,False,False,False,True,USA,United States
181,"Complete, no interview",,In Development,,,,,,,,,,,,"Vibro-Wind

Cornell University, Mechanical Engineering & Architecture",,,Panel of 25 pads that oscillate in the wind. Each pad is attached to piezoelectric transducers that produce energy from these vibrations.,False,Leaves vibrating in the wind,,True,Plantae,Plants,,Organ,Tissue,Organ System,,False,,False,False,,"http://www.windtech-international.com/articles/vibro-wind-energy-technology-for-architectural-applications
http://www.asknature.org/product/3345209b7cdb4ce09f12259d951eaf75
",False,Ask nature,,,USA,North America,,,,,,,,False,False,False,False,True,USA,United States
182,"Complete, no interview",,In Development,,,,,,,,,,True,,"Massachusetts Institute of Technology

University of Maryland",True,,Virus battery- engineering viruses to recognize material components of batteries and self-assemble these components at room temperature into viable batteries.,False,Virus self-assembly,,True,,,,Molecule,,,0.0,True,"Viruses- from a scan of their pubs, it seems like they use many different types",True,False,,http://belcher10.mit.edu/research/,True,,Inspire,Inspir*,USA,North America,,,,,,,,True,False,False,False,False,USA,United States
183,"Complete, no interview",,Commercially Available,,,,,,,,,,,,Logoplaste Innovation Lab,,Vitalis PET bottle,Lightweight PET (Polyethylene terephthalate) bottle,False,Spiral growth of Whitebark Pine tree fibers,"Based on the natural model of spiral growth, they developed a new design for the structures of the main body of the bottle",True,Plantae,Plants,Anthophyta,Tissue,Cell,Organ,,False,,False,False,Design to Biology,http://www.logoplaste.com/index.php?id=bGFuZz1FTg==,,,,,Portugal,Europe,,,,,,,Vitalis PET bottle,False,False,False,False,True,PRT,Portugal
184,"Complete, no interview",,Commercially Available,,,,,,,,,,,,Nova Laboratories Ltd.,,VitRIS and HydRIS,vaccine stabilization technology; VitRIS (Vitrified Readily Injectable Suspension) and HydRIS (Hypodermic Rehydration Injection System).  Making vaccines stable for long-term storage.,False,"Organisms which use anhydrobiosis (plants, animals, bacteria)","In dry conditions, water within the cells is replaced with a sugar solution that thickens and organism goes into state of suspended animation.",False,,,,Cell,Organelle,Tissue,1.0,False,,True,False,,http://www.novalabs.co.uk/,,,,,UK,Europe,,,,,,,VitRIS and HydRIS,False,False,True,False,False,GBR,United Kingdom
185,"Complete, with interview",,Commercially Available,2004.0,2004,,2006.0,2006,,2010.0,2010,,False,,Watreco,True,Vortex Generator or VPT (Vortex Process Technology),"System causes water to quickly swirl down an ever-tightening coil of channels, concentrating contaminants and air bubbles at the center, where they are removed.",False,,Water rushing into a trout's mouth is forced into ever-tightening vortices as it passes through the gills and back into the current. This allows the trout to hold steady even in inconsistent or violent flows.,True,Animalia,Chordates,Chordata,Organ System,Organ,Organism,1.0,False,,True,False,Biology to Design,"http://www.watreco.com/eng_produkter.php
http://www.watreco.com",True,,Biomimetic,Biomimet*,Sweden,Europe,,,,,,,Vortex Generator or VPT (Vortex Process Technology),False,True,False,False,False,SWE,Sweden
186,"Complete, no interview",,Commercially Available,,,,,,,,,,,,Waste Management,,,Waste recycling and upcycling,False,?,,True,,,,Community,Population,Ecosystem,,False,,False,True,,"http://www.wm.com/sustainability/index.jsp
http://www.asknature.org/product/fc4d0678aa5aba1b8195ec177bcaafce",False,,,,USA,North America,,,,,,,,False,False,False,False,True,USA,United States
187,"Complete, with interview",,In Development,2005.0,2005,,,,,,,,,,"University of Bonn, Nees Institute of Biodiversity of Plants

Lotus-Effect",True,Salvinia-Effect ®,Air-retaining surface,True,Salvinia ferns (water fern) leaf and European backstroke (Notonecta glauca) hairs,"The leaves of Salvinia ferns have tiny hydrophobic hairs which cover the leaf surfaces, trapping air in a layer around the leaf when submerged.  The domestic European backstroke's surface has hairs of varying length and density, which also traps air. ",False,Plantae,Plants,Pteridophyta,Tissue,Cell,Organ,1.0,False,,True,False,Design to Biology,http://www.botgart.uni-bonn.de/o_haus/salvinia.php,True,,Biomimetic,Biomimet*,Germany,Europe,,,,,,,Salvinia-Effect ®,False,True,False,False,False,DEU,Germany
188,"Complete, with interview",,Commercially Available,1974.0,1974,,,,,1997.0,1997,,False,,"University of Bonn, Nees Institute of Biodiversity of Plants

Lotus-Effect",True,Lotus-Effect ®,Water-repellant ship coatings,True,Lotus leaf,Self-cleaning properties due to the structure of the Lotus leaf,True,Plantae,Plants,Anthophyta,Tissue,Cell,Organ,1.0,False,,True,False,Biology to Design,http://www.lotus-effekt.de/en/funktion/vorbild.php,True,,Biomimicry,Biomimic*,Germany,Europe,,,,,,,Lotus-Effect ®,False,True,False,False,False,DEU,Germany
189,"Complete, no interview",,Commercially Available,,,,,,,,,,,,"WikiCell Designs, Inc.",,WikiCell,"A thin gelatinous casing that can hold liquid products, made of natural and synthetic components (bagasse or isomal, chitosan, alginate)",False,"Oranges, grapes",The WikiCell contains the food/drink much like the peel of an orange or grape contains the watery part.  WikiCells are also edible.,False,Plantae,Plants,Anthophyta,Organ,Tissue,Organ System,0.0,True,"Sugarcane (bagasse), and Algae (doesn't specify which type; alginate)",True,False,,http://www.wikicells.com/,False,,,,USA,North America,,,,,,,WikiCell,True,False,False,False,False,USA,United States
190,"Complete, no interview",,Commercially Available,,,,,,,,,,,,Zero Emissions Research and Initiatives,,,Beer brewing system that uses waste products to make other useful products,False,"""Closed-loop system"", like an ecosystem","While I don't really agree that their beer brewing system biomimics an ecosystem, they make use of waste products to grow mushrooms, create biogas, and raise algae",True,,,,Community,Population,Ecosystem,,True,"Grains, mushrooms, algae (no species specified)",False,False,,http://www.zeri.org/ZERI/Beer.html,False,,,,,,,,,,,,,False,False,False,False,True,,
191,"Complete, no interview",,Commercially Available,,,,,,,,,,,,Zero Emissions Research and Initiatives,,,Coffee farming system that uses waste products to create other useful products,False,"""Closed-loop system"", like an ecosystem","While I don't really agree that their coffee farming system biomimics an ecosystem, they make use of waste products to grow shiitake mushrooms, create biogas, feed pigs, cattle and chickens, and make fertilizer",True,,,,Community,Population,Ecosystem,,True,"Coffee plant, shiitake mushrooms",False,True,,http://www.zeri.org/ZERI/Home.html,False,,,,,,,,,,,,,False,False,False,False,True,,
192,"Complete, no interview",,No longer in development,,,,,,,,,,False,,Swedish Biomimetics 3000® Ltd,True,µLot® Platform Technology,Uses a reaction system to allow multiple reaction and purification stages to be chained into a chemical assembly line to make peptides and nucleotides,False,Transcription of RNA into proteins by ribosomes,µLot® is a synthesis technology system inspired by the transcription of RNA into proteins by ribosomes. The µLot®  system is the reverse of the natural process: there is a linear material moving through a number of zones as opposed to the zones (ribosomes) moving along the linear material (RNA).,False,,,,Organelle,Molecule,Cell,1.0,False,,True,False,,"http://www.swedishbiomimetics.com/ulot.htm
http://www.google.com/patents/WO2009004344A1?cl=en&dq=inassignee:%22Swedish+Biomimetics+3000+Ltd%22&hl=en&sa=X&ei=n2yNUaiTMdPk4AORjYCoDg&ved=0CDoQ6AEwAQ",True,,Biomimetic,Biomimet*,Sweden,Europe,,,,,,,µLot® Platform Technology,False,False,True,False,False,SWE,Sweden
193,"Complete, no interview",,No longer in development,,,,,,,,,,,,Swedish Biomimetics 3000® Ltd,,µMist® Platform Technology,Fuel injector system,False,Bombardier beetle spray,"Inspired by the beetle’s controlled valve system, generating high performance vapour explosions.  The research team is studying the design principles behind the beetle's heart-shaped combustion chamber and nozzle ejection mechanism.",False,Animalia,Invertebrates,Arthropoda,Organ,Tissue,Organ System,1.0,False,,True,False,,http://www.swedishbiomimetics.com/umist.htm,True,,Biomimetic,Biomimet*,Sweden,Europe,,,,,,,µMist® Platform Technology,False,True,False,False,False,SWE,Sweden
194,"Complete, no interview",,Concept,,,,,,,,,,,,Rockefeller University,,,Water and electricity distribution networks- organized with many loops and redundancies to protect against damage,False,"Leaf venation (mostly), but also blood vessels in retina, coral architecture, and insect wing venation",Interconnecting vein loops in leaves help stop damage in one part from affecting many downstream parts (contrast with tree shape- all branches come from one central trunk).,False,Plantae,Plants,,Tissue,Cell,Organ,0.0,False,,True,False,,"biomimicry.typepad.com/clippings, as well as Journal article: Damage and fluctuations induce loops in optimal transport networks (2010; Katifori et al; Phys. Rev. Lett.)",True,,Inspired,Inspir*,USA,North America,,,,,,,,True,False,False,False,False,USA,United States
195,"Complete, no interview",,In Development,2003.0,2003,,,,,,,,,,"Pacific Northwest National Laboratory

Wake Forest University",,Swarm Intelligence,Cyber security system for smart grid deployments,False,Ant population behaviour,"Digital ants are deployed into the system and, when one of them encounters a threat, other ants in the system swarm to it in order to alert the human operator of its existence.",False,Animalia,Invertebrates,Arthropoda,Organism,Organ System,Population,0.0,False,,True,False,,"biomimicry.typepad.com/clippings, as well as news article: http://www.techrepublic.com/blog/security/swarm-intelligence-are-digital-ants-the-answer-to-malware/2757
Bio-Inspired Cyber Security for Smart Grid Deployments, http://www.treehugger.com/clean-technology/new-biomimicry-in-digital-security-ants-swarm-to-protect-computers.html, http://www.cs.wfu.edu/~fulp/
A. David McKinnon, Seth R. Thompson, Ruslan A. Doroshchuk Glenn A. Fink, and Errin W. Fulp
In Proceedings of the IEEE Fourth Conference on Innovative Smart Grid Technologies (ISGT 2013), 2013",False,,,,USA,North America,,,,,,,Swarm Intelligence,True,False,False,False,False,USA,United States
196,"Complete, no interview",,In Development,,,,,,,,,,,,"Harvard University, Aizenberg lab",,SMARTS (self-regulated mechanochemical adaptively reconfigurable tunable system),"Adaptive materials with surfaces bearing arrays of nanostructures which allow them to mimic multiple properties of organisms (adhesive, anti-bacterial, motion-generating, etc)",False,"Lotus leaves, gecoks, echinoderms, fish","Properties of: lotus leaves to shed water, geckos to stick to surfaces, echinoderms to keep their skin clean, and fish to sense flow. ",True,,,,Tissue,Cell,Organ,1.0,False,,True,False,,http://aizenberglab.seas.harvard.edu/index.php?show=research_topic&top=5,False,,,,USA,North America,,,,,,,SMARTS (self-regulated mechanochemical adaptively reconfigurable tunable system),False,True,False,False,False,USA,United States
197,"Complete, no interview",,In Development,,,,,,,,,,,,"Harvard University, Aizenberg lab",,HAIRS (Hydrogel-Actuated Integrated Responsive Structures),Composite structures which react to environmental change,False,"Muscle, Bone","Nothing beyond what's in ""Product description""",False,Animalia,Chordates,Chordata,Organ,Tissue,Organ System,1.0,False,,True,False,,http://aizenberglab.seas.harvard.edu/index.php?show=research_project&proj=58,True,,Inspired,Inspir*,USA,North America,,,,,,,HAIRS (Hydrogel-Actuated Integrated Responsive Structures),False,False,True,False,False,USA,United States
198,"Complete, no interview",,In Development,,,,,,,,,,,,"Harvard University, Aizenberg lab",,,Materials that can switch between superhydrophobic and hydrophilic states by changing the orientation of nanobristle arrays,False,"Lotus leaves, rose petals, water striders' legs, cicadas' wings","Water-repellent surfaces of lotus leaves, rose petals, water striders’ legs, and cicadas’ wings (arrays of nanobristles which keep materials dry)",False,,,,Tissue,Cell,Organ,1.0,False,,True,False,,http://aizenberglab.seas.harvard.edu/index.php?show=research_project&proj=43,True,,Inspired,Inspir*,USA,North America,,,,,,,,False,True,False,False,False,USA,United States
199,"Complete, no interview",,In Development,,,,,,,,,,,,"Harvard University, Aizenberg lab",,HAIRS (Hydrogel-Actuated Integrated Responsive Structures) actuated by pH,Hydrogel chemistries that shrink or swell in response to stimuli while submerged,False,Cilia on fish and amphibian skin,Inspired by the anisotropic geometries of cilia on fish and amphibian skin.  They use asymmetric microfins to generate coordinated large-scale motions with pre-determined bending directions.,False,Animalia,Chordates,Chordata,Organelle,Molecule,Cell,1.0,False,,True,False,,http://aizenberglab.seas.harvard.edu/index.php?show=research_project&proj=59,True,,Bio-inspired,Inspir*,USA,North America,,,,,,,HAIRS (Hydrogel-Actuated Integrated Responsive Structures) actuated by pH,False,True,False,False,False,USA,United States
200,"Complete, no interview",,In Development,,,,,,,,,,,,"Harvard University, Aizenberg lab",,,Self-assembling synthetic nanofibers to generate new structures with unique helical patterns and hierarchical order,False,Beetle tarsi,"Inspired by biological examples of highly controlled nanofiber self-organization, such as the clustering of beetles’ tarsi",False,Animalia,Invertebrates,Arthropoda,,,,1.0,False,,True,False,,http://aizenberglab.seas.harvard.edu/index.php?show=research_project&proj=51,True,,Bio-inspired,Inspir*,USA,North America,,,,,,,,False,False,True,False,False,USA,United States
202,"Complete, no interview",,Concept,,,,,,,,,,,Academia,"Harvard University, Aizenberg lab",,,"Two applications based on this mimic: 1) Cost-effective buildings, and 2) Robust, lightweight scaffolds for load bearing applications",False,Hexactinellid (glass sea) sponge spicules,Design properties and production strategies  for making lightweight and strong scaffolds.,False,Animalia,Invertebrates,Porifera,Tissue,Cell,Organ,1.0,False,,True,False,,https://aizenberglab.seas.harvard.edu,True,yes,,,,,,,,,,,,False,True,False,False,False,,
203,"Complete, no interview",,In Development,,,,,,,,,,,Academia,"Harvard University, Aizenberg lab",,,Liquid repellant surface based on biofilm,False,Biofilm, Biofilm repels water and a wide range of organic liquids such as ethanol and acetone that spread easily on surfaces. The biofilm coating is a meshwork of protein and polysaccharide fibers that creates a complex multiscale topography.,False,Monera,Other,,Tissue,Cell,Organ,1.0,False,,True,False,,https://aizenberglab.seas.harvard.edu,True,yes,,,,North America,,,,,,,,False,True,False,False,False,,
204,"Complete, no interview",,In Development,,,,,,,,,,,Academia,"Harvard University, Aizenberg lab",,,"Tunable microlenses which allow for the dynamic modulation of light transmission, focal length, numerical aperture, and wavelength selectivity",False,Brittlestar (Ophiocoma wendtii) body,"The brittlestar Ophiocoma wendtii uses its entire skeleton not only for mechanical strength but as one big compound eye. Its body is covered with an array of calcitic microlenses tailored to such optical perfection that they are completely free of birefringence, spherical aberration, and distortion. Most strikingly, the brittlestar has built-in sunglasses it can cover itself with during the day and remove at night; these are piped in through an intricate porous network surrounding the lenses and consist of pigment-filled cells that modulate the refractive index and light transmission. This setup enables the brittlestar to adapt its light absorption based on the external light conditions, as well as to tune wavelength selection, increase focusing capability, and select light from a particular direction.",False,Animalia,Invertebrates,Echinodermata,Organ,Tissue,Organ System,1.0,False,,True,False,,https://aizenberglab.seas.harvard.edu,True,yes,,,,North America,,,,,,,,False,True,False,False,False,,
205,"Complete, no interview",,In Development,,,,,,,,,,,,NASA,,,Self-cleaning material for lunar equipment,False,Lotus plant,Repellant properties of lotus leaves - not enough info to tell if it is form they are mimicking.,False,Plantae,Plants,Anthophyta,Tissue,Cell,Organ,0.0,False,,True,False,,https://www.technologyreview.com/view/415440/lunar-self-cleaning-material/,True,yes,,,,North America,,,,,,,,True,False,False,False,False,,
206,"Complete, no interview",,In Development,,,,,,,,,,,Academia,Shanghi Jiao Tong University,,,Photoanode structure templated from butterfly wing scales,False,Butterfly wings,They used wings from two species (Papilio paris and Thaumantis diores) as templates to bind to titanium oxide to create photoanodes (bioutilization).  The structure works because it uses the photo-capturing properties of the fine-scale structure of the wing.,False,Animalia,Invertebrates,Arthropoda,Tissue,Cell,Organ,,True,Papilio paris and Thaumantis diores,False,False,,https://pubs.acs.org/doi/full/10.1021/cm702458p,False,yes,,https://www.researchgate.net/publication/341609220_Butterfly_wing_architectures_inspire_sensor_and_energy_applications,,North America,,,,,,,,False,False,False,False,True,,
207,"Complete, no interview",,In Development,,,,,,,,,,,Academia,Carnegie Mellon University,,,Gecko-inspired tape,False,Gecko feet,"Tape with flat, mushroom-shaped tips that mimic the spatula on hairs of gecko feet.  Changing the angle of the spatula is key to stickiness/release.",False,Animalia,Chordates,Chordata,Tissue,Cell,Organ,1.0,False,,True,False,,https://www.setextechnologies.com/setex-technologies,False,yes,,https://www.setextechnologies.com/setex-technologies-completes-sale-of-industrial-tape-and-gripping-technology-business-unit-to-shin-etsu/,,Asia,,,,,,,,False,True,False,False,False,,
208,"Complete, no interview",,In Development,,,,,,,,,,,Academia,"Tokyo Institute of Technology, Graduate School of Science and Engineering",,,"Artificial photosynthesis, using a ruthenium-rhenium supramolecular complex as a photocatalyst that uses sunlight to reduce CO2 to CO.",False,Photosynthesis,,True,,,,Organelle,Molecule,Cell,0.0,False,,True,False,,https://educ.titech.ac.jp/chem/eng/news/2018_08/056208.html,True,yes,,,,North America,,,,,,,,True,False,False,False,False,,
209,"Complete, no interview",,In Development,,,,,,,,,,,Academia,Tufts University,,,"Oxygen sensor developed in part from dissolved silkworm cocoons (bioutilization), but which biomimic the nanostructure of morpho butterlfy wings (colour change)",False,Morpho Butterfly wing,"Morpho butterfly blue color is due not to pigments but to the way light interacts with nanoscale protein pillars on its wings. Changing the pillars' structure eliminates the color. The silk-based sensor would be patterned with nanoscale structures that make it appear blue; a target molecule binding to proteins in the sensor would subtly change the nano­structures, making the color change or disappear.",False,Animalia,Invertebrates,Arthropoda,Tissue,Cell,Organ,1.0,True,Silk from silkworm cocoons (Bombyx mori),True,False,,https://silklab.engineering.tufts.edu/,False,yes,,https://silklab.engineering.tufts.edu/,,Asia,,,,,,,,False,True,False,False,False,,
210,"Complete, no interview",,In Development,,,,,,,,,,,Academia,"University of California, Berkeley, Department of Materials Science and Engineering",,,"Strong, tough ceramics",False,Nacre (mother-of-pearl),Nacre (mother-of-pearl) combines plates of strong but brittle calcium carbonate with a soft protein glue in a brick-and-mortar structure,False,Animalia,Invertebrates,Mollusca,Organ,Tissue,Organ System,1.0,False,,True,False,,https://www.eurekalert.org/news-releases/847592,False,yes,,,,North America,,,,,,,,False,True,False,False,False,,
211,"Complete, no interview",,In Development,,,,,,,,,,,Academia,Simon Fraser University,,Abigaille-I,Insect-inspired robot to explore rough terrain,False,Geckos and some insects,"Mimics dry-adhesion, which is used by geckos and some insects to stick to things using fine-scale structures.",False,Animalia,Chordates,Chordata,Tissue,Cell,Organ,1.0,False,,True,False,,https://www.cbc.ca/news/science/simon-fraser-engineers-create-gecko-inspired-space-robots-1.2481912,False,yes,,,,North America,,,,,,,Abigaille-I,False,True,False,False,False,,
212,"Complete, no interview",,In Development,,,,,,,,,,,Academia,"University of California, Irvine",,,Artificial antibodies used in toxin sensors,False,Natural antibodies,"Used molecular imprinting, taking a target molecule and placing it in a solution containing the building blocks of a polymer antibody. The polymer then grows around its target, conforming to its shape; once it's done, the target molecule is rinsed away. Then, when the artificial antibody next meets the target molecule, they fit together like a key in a lock. ",False,,,,Molecule,,Organelle,0.0,False,,True,False,,https://news.uci.edu/2010/06/21/synthetic-antibodies-create-buzz/,False,yes,,,,North America,,,,,,,,True,False,False,False,False,,
213,"Complete, no interview",,In Development,,,,,,,,,,,Industry,GE,,,Superhydrophobic metal surfaces.,False,Lotus leaf,"Lotus-plant leaves, which have a nanocrystalline wax structure. On the leaf's surface are tiny wax crystals tens of nanometers wide, which hold water drops as almost perfectly spherical beads.",False,Plantae,Plants,Anthophyta,Tissue,Cell,Organ,1.0,False,,True,False,,https://www.technologyreview.com/2008/10/15/218482/water-repelling-metals/,False,no,,,,North America,,,,,,,,False,True,False,False,False,,
214,"Complete, no interview",,In Development,,,,,,,,,,,Industry,Nissan,,,Crash avoidance robotic car,True,Bee eyes and behaviour,"The product uses Laser Range Finder (LRF) to mimic bees' compound eyes which can see a more than 300-degree range, and mimics a bee's avoidance behaviour (pretty loosely though)",False,Animalia,Invertebrates,Arthropoda,Organ,Tissue,Organ System,0.0,False,,True,False,,https://www.nissan-global.com/EN/INNOVATION/,False,yes,,https://www.nissan-global.com/EN/INNOVATION/,,,,,,,,,,True,False,False,False,False,,
215,"Complete, no interview",,In Development,,,,,,,,,,,Academia,"University of Dayton

Georgia Tech, Center for Nanostructure Characterization",,,Carbon nanotube adhesive,False,Gecko feet,"Its branched structure more closely mimics the structures on gecko feet, which are covered with millions of microscale hairs that branch into many smaller hairs, each of which has a weak electrical interaction with a surface. These many weak interactions add up to strong adhesion over the area of the foot.",False,Animalia,Chordates,Chordata,Tissue,Cell,Organ,1.0,False,,True,False,,https://www.eurekalert.org/news-releases/912533,False,no,,,,Asia,,,,,,,,False,True,False,False,False,,
216,"Complete, with interview",,Concept,2007.0,2007,,2007.0,2007,,2008.0,2008,,,Industry,The Bumble Bee,True,,"""Organizational biomimetics""; whole-group communications",False,Ants and bees,Ants use pheromones to transmit messages about predators. Bees wiggle around to tell their comrades the location of food supplies.,False,Animalia,Invertebrates,Arthropoda,Organism,Organ System,Population,0.0,False,,True,False,,https://bioteams.com,True,yes,,,,North America,,,,,,,,True,False,False,False,False,,
217,"Complete, with interview",,Concept,2007.0,2007,,2007.0,2007,,2008.0,2008,,,Industry,The Bumble Bee,True,,"""Organizational biomimetics""; rotating leadership",False,Geese,"When geese fly in a V, the birds rotate in and out of the lead position to conserve energy",False,Animalia,Chordates,Chordata,Organism,Organ System,Population,1.0,False,,True,False,,https://bioteams.com,True,yes,,,,Europe,,,,,,,,False,False,True,False,False,,
218,"Complete, with interview",,Concept,2007.0,2007,,2007.0,2007,,2008.0,2008,,,Industry,The Bumble Bee,True,,"""Organizational biomimetics""; having ""hub"" people who are highly interconnected.",False,Brain of C. elegans worm,"The brain of the C. elegans worm has 302 neurons, with a high number of interconnectors",False,Animalia,Invertebrates,Nematoda,Organ,Tissue,Organ System,0.0,False,,True,False,,https://bioteams.com,True,yes,,,,Europe,,,,,,,,True,False,False,False,False,,
219,"Complete, no interview",,Concept,,,,,,,,,,,Academia,University of Exeter,,,"No product yet- just conceptual, but potential application for biosynthetic devices such as light-activatated drug-delivery tools.",False,Diatom (Coscinodiscus wailesii),"Each half of a diatom's ""petri-dish"" shell has two layers that are covered with a regular pattern of tiny pores called ""nanostructures"".  These structures diffract light strongly, and allow for an even spread of light throughout the diatom (facilitating photosynthesis)",False,Protista,Other,Heterokontophyta,Organelle,Molecule,Cell,1.0,False,,True,False,,https://www.bbc.com/news/science-environment-7608369,False,yes,,,,Europe,,,,,,,,False,True,False,False,False,,
220,"Complete, no interview",,"Discontinued, was Commercially Available",,,,,,,,,,,Industry,"PolyMedix, Inc (bankrupt 2013, assets acquired by Cellceutix)",,PMX-30063,"Defensin mimetic antibiotic compound; synthetic, chemical, non-peptide mimic of host defense proteins which disrupt bacterial cell membranes.",False,Defensins,"Defensins are antimicrobial peptides found in humans, which disrupt bacterial cell membranes.",False,Animalia,Chordates,Chordata,Molecule,,Organelle,0.0,False,,True,False,,https://www.biospace.com/polymedix-inc-announces-positive-results-from-phase-2-clinical-trial-with-pmx-30063-first-in-class-defensin-mimetic-antibiotic,False,yes,,Firm doesn´t exist anymore but product still available under Brilacidin,,Europe,,,,,,,PMX-30063,True,False,False,False,False,,
221,"Complete, no interview",,In Development,,,,,,,,,,,Academia,"Franklin W. Olin College of Engineering 

Boston Engineering Corp.",,GhostSwimmer,Robotic fish with torpedo-shaped body,False,Bluefin tuna body,"The bluefin's torpedo-shaped body is nearly circular in cross-section, making it a powerful and fast swimmer.",False,Animalia,Chordates,Chordata,Organism,Organ System,Population,1.0,False,,True,False,,https://www.olin.edu/research/2009-10/Boston%20Engineering,False,yes,,,,North America,,,,,,,GhostSwimmer,False,True,False,False,False,,
222,"Complete, with interview",,Commercially Available,1989.0,1989,,1990.0,1990,,2001.0,2001,,,Academia,Free University of Brussells,,,Using artificial ants to detect the optimal traveling route,False,Ant communication,Ants leaving trails of pheromones for other ants to follow,False,Animalia,Invertebrates,Arthropoda,Organism,Organ System,Population,0.0,False,,True,False,,https://iridia.ulb.ac.be/dorigo/ACO/ACO.html,False,yes,,https://iridia.ulb.ac.be/ants/,,North America,,,,,,,,True,False,False,False,False,,
223,"Complete, no interview",,,,,,,,,,,,,Industry,"EuroBios UK

Unilever",,,"Agent-based modelling software that found the best locations for and movements between the storage tanks, mixers and packing lines in a large Unilever factory.",False,Ant communication,Ants leaving trails of pheromones for other ants to follow,False,Animalia,Invertebrates,Arthropoda,Organism,Organ System,Population,0.0,False,,True,False,,https://www.scientificamerican.com/article/swarm-smarts-2008-02/,False,no,,,,Europe,,,,,,,,True,False,False,False,False,,
224,"Complete, with interview",,Commercially Available,1995.0,1995/1996,,1996.0,1996,,,,,,Industry,"Hewlett-Packard 

University of West England ",True,,"Routing technique for telephone messages in which antlike agents deposit bits of information, or ""virtual pheromone"", at the network nodes to reinforce paths through uncongested areas (telecommunications), uses a algorithmic formulation.",False,Ant communication,Ants leaving trails of pheromones for other ants to follow.,False,Animalia,Invertebrates,Arthropoda,Organism,Organ System,Population,1.0,False,,True,False,,https://www.scientificamerican.com/article/swarm-smarts-2008-02/,False,no,,,,North America,,,,,,,,False,False,True,False,False,,
225,"Complete, no interview",,,,,,,,,,,,,Academia,"University College London

Interval Research in Palo Alto California",,,Method for exploring a large database and sorting information.,False,Ant sorting behaviour (e.g. of eggs),"Ants (such as Leptothorax unifasciatus) sort the colony's brood systematically.  Eggs and microlarvae are placed at the center of an area, the largest larvae at the periphery, and pupae and prepupae in between.",False,Animalia,Invertebrates,Arthropoda,Organism,Organ System,Population,1.0,False,,True,False,,https://www.ucl.ac.uk/engineering,False,yes,,"https://www.ucl.ac.uk/engineering/news/2025/dec/ucl-computer-science-co-leads-four-new-data-driven-grand-challenges-projects#:~:text=UCL%20Computer%20Science%20is%20playing,%E2%80%9326%20and%202026%E2%80%9327.",,Europe,,,,,,,,False,False,True,False,False,,
226,"Complete, no interview",,In Development,,,,,,,,,,,Academia,University of Waterloo,,,,False,gecko foot pad,,False,Animalia,Chordates,Chordata,Tissue,Cell,Organ,1.0,True,Geckos,True,False,,,,,,,,North America,,,,,,,,False,True,False,False,False,,
227,"Complete, no interview",,In Development,,,,,,,,,,True,Industry,Virginia Tech,,Robojelly,Product looks and moved like a jellyfish. To be used a 'data' collector in aquatic environments.,False,Aurelia jellyfish,The jellyfish propells itself through the water using a particular process of muscle contractions. This is mimicked in addition to the form of the body. ,False,Animalia,Invertebrates,Cnidaria,Organism,Organ System,Population,2.0,True,Aurelia aurita,True,False,,Villanueva et al. 2011,,no,,,,North America,,,,,,,Robojelly,False,True,True,False,False,,
228,"Complete, no interview",,"Discontinued, was Commercially Available",,,,,,,,,,,Industry,"CO2 Solutions (bankrupt 2019, assets acquired by Saipem 2020)",,,Incubator that contains an enzyme mimic that absorbs co2,False,Anhydrous carbonic enzyme,the anhydrous carbonic enzyme reacts with co2 to turn it in bicarbonate,True,,,,Molecule,,Organelle,1.0,False,,True,True,,https://www.co2solutions.com/en,True,yes,,"Firm got sold, now: CO2 Solutions™ by Saipem",,North America,,,,,,,,False,False,True,False,False,,
229,"Complete, no interview",,"Discontinued, was Commercially Available",,,,,,,,,,,Industry,Central Intelligence Agency (CIA),,Insectothopter,Robotic drone designed to carry out covert audio recording missions.,True,Dragonfly,Robotic looks very similar to a dragonfly.,False,Animalia,Invertebrates,Arthropoda,Organism,Organ System,Population,,False,,False,False,,https://gizmodo.com/5929810/the-cia-had-a-spying-insectopter-flying-40-years-ago,True,no,,,,North America,,,,,,,Insectothopter,False,False,False,False,True,,
230,"Complete, no interview",,In Development,,,,,,,,,,,Academia,"State Key Laboratory of Robotics and Systems and School of Chemical Engineering and Technology

Harbin Institute of Technology",,,Microrobot that can jump up and down while  on top of water surface.,False,Water strider's ability to leap while on top of water surface,,False,Animalia,Invertebrates,Arthropoda,Organ,Tissue,Organ System,0.0,False,,True,False,,https://pubs.acs.org,False,no,,,,North America,,,,,,,,True,False,False,False,False,,
231,"Complete, no interview",,In Development,,,,,,,,,,,Academia,University of Bath,,Jollbot,Robot designed for space exploration that has jumping and rolling capabilites.,True,Pause and Leap' jumping of a grasshopper,"Mimics how grasshoppers store muscle energy in spring-like elements and rapidly relase that energy to jump, the robot store the energy in electrical motors.",False,Animalia,Invertebrates,Arthropoda,Organ System,Organ,Organism,1.0,False,,True,False,,"Armour, R. et al., 2007. Jumping robots: a biomimetic solution to locomotion across rough terrain. Bioinspiration & Biomimetics, 2(3), pp.S65–S82.
http://www.bath.ac.uk/news/2008/12/4/jumping-robot.html",,no,,,,Asia,,,,,,,Jollbot,False,False,True,False,False,,
232,"Complete, with interview",,Concept,2011.0,2011,,2011.0,2011,,,,,,Industry,Thomas Row,True,,An insert that goes into a plastic water bottle to facilitate water collection through fog.,False,Namib desert beetle,Insert had bumpy surface with hydrophilic and hydrophobic surfaces in close proximity to each other similar to beetle and would allow for water droplets to be collected and run into the water bottle.,False,Animalia,Invertebrates,Arthropoda,Tissue,Cell,Organ,1.0,False,,True,False,,https://www.behance.net/gallery/Atmospheric-Water-Collector/3949381,False,no,,,,Europe,,,,,,,,False,True,False,False,False,,
233,"Complete, with interview",,In Development,2012.0,2012,,2013.0,Anticipated 2013,,,,,,Industry,Benjamin Helle,True,BOTL,Water bottle designed for cyclists that can sweat and cool itself down.,False,Human thermoregulation system,"When water condenses on the bottle it makes the canvas layer wet and when a bicylclist is riding wind hits this layer and the water evaporates, cooling down the bottle of water.",False,Animalia,Chordates,Chordata,Organ,Tissue,Organ System,0.0,False,,True,False,,"
http://www.yankodesign.com/2012/06/21/sweat-is-a-good-thing/
",True,no,,,,North America,,,,,,,BOTL,True,False,False,False,False,,
234,"Complete, no interview",,In Development,,,,,,,,,,,Industry,Konstantin Ivanov,,,Robotic ostrich.,False,Ostrich,Created a robotic version of an ostrich.,False,Animalia,Chordates,Chordata,Organism,Organ System,Population,,False,,False,False,,https://newatlas.com/russian-walking-ostrich-robot/26254/,True,no,,,,North America,,,,,,,,False,False,False,False,True,,
235,"Complete, with interview",,Commercially Available,2008.0,2008,,2009.0,2009,,2012.0,2012,,False,Academia,"University of Copenhagen, Department of Chemistry, INFUSER",,Atmospheric photochemical accelerator,Aircleaning system with the ability to remove Volitile Organic Compounds (VOC).,False,Atmosphere,"Mimics the self-cleaning mechanism of the atmosphere.

""Earth's atmosphere cleans itself when polluting gasses plus sunlight plus naturally occurring ozone cause the pollutants to clump together as particles, which can then be washed out in the next rain."" - not clear if this is what the product does function for now.",True,,,,Biosphere,Ecosystem,,,False,,False,True,,https://www.treehugger.com/biomimicry/biomimicry-solves-age-old-industrial-air-pollution-problem.html,True,yes,,,,,,,,,,,Atmospheric photochemical accelerator,False,False,False,False,True,,
236,"Complete, no interview",,In Development,,,,,,,,,,,Academia,"Stanford University
Massachusettes Institute of Technology
NASA",,Robotic hedgehogs,Autonomous machine to be used to collect data on super-low gravity moons and asteroids.,True,Hedgehog,Mimics the spiny coverings of a hedgehog so that the machine can naviagate rocky and rough terrain. - design choice. ,False,Animalia,Chordates,Chordata,Tissue,Cell,Organ,,False,,False,False,,https://www.treehugger.com/clean-technology/robotic-hedgehogs-explore-moons-and-asteroids.html,False,no,,,,Europe,,,,,,,Robotic hedgehogs,False,False,False,False,True,,
237,"Complete, no interview",,In Development,,,,,,,,,,True,Academia,"Harvard University, Medical School",False,Deployable barbed microneedle array,"Moulded synthetic polyurethane quills with applications for tissue adhesives, needles, trocars, and vascular tunnelers.",False,Porcupine quill,Mimicking the structure of the porcupine quill to achieve a product that uses minimal penetration force.,False,Animalia,Chordates,Chordata,Tissue,Cell,Organ,1.0,False,,True,False,,https://www.bbc.com/news/science-environment-20628302,False,no,,,,North America,,,,,,,Deployable barbed microneedle array,False,True,False,False,False,,
238,"Complete, no interview",,In Development,,,,,,,,,,,Academia,Nanyang Technological University,,,Underwater autonomous vehicle with a sensing device that gives users a 3-D image of nearby surroundings.,False,Lateral line of blind cave fish,The blind cav fish's lateral line allows the fish to sense it surroundings in murky water. This product uses water pressure and computer vision technology to achieve the same effect. ,False,Animalia,Chordates,Chordata,Organ,Tissue,Organ System,0.0,False,,True,False,,https://www.treehugger.com/clean-technology/blind-cave-fish-inspire-better-sensing-technology-underwater-robots.html,False,no,,,,North America,,,,,,,,True,False,False,False,False,,
239,"Complete, no interview",,In Development,,,,,,,,,,,Academia,"Tokyo Institute of Technology, Hirose Fukishima Lab",,ACM-R5,"Amphibious robotic snake, has applications in search and rescues or surveillance operations.",False,Snakes,"Created a robotic version of a snake, can move in the water and on land. ",False,Animalia,Chordates,Chordata,Organism,Organ System,Population,,False,,False,False,,https://robotsguide.com/robots/acm,False,no,,,,Asia,,,,,,,ACM-R5,False,False,False,False,True,,
240,"Complete, no interview",,In Development,,,,,,,,,,,Academia,Massachusetts Institute of Technology,,Milli-motein,Small robot that changes shape to become different tools.,False,Protein molecules,The robot is made up of millimeter-sized parts that resemble chains of a protein molecule. Uses data that any 3-D shape can be created by folded long strands of identical subunits. ,False,,,,Molecule,,Organelle,,False,,False,False,,https://news.mit.edu/2012/reconfigurable-robots-turn-into-anything-1130,True,yes,,"successor: ElectroVoxels, M-Blocke, Hermits",,Asia,,,,,,,Milli-motein,False,False,False,False,True,,
241,"Complete, no interview",,In Development,,,,,,,,,,,Academia,"University of California, Santa Barbara
SpetraFluidics",,,"Nanotech device for use in explosive detection, disease diagnosis, and narcotics detection.",False,Canine scent receptors in olfactory mucous layer. ,Mimics the pirciples of absorption and concentration of particles that make canine sense of smell so impressive.,False,Animalia,Chordates,Chordata,Organ,Tissue,Organ System,1.0,False,,True,False,,https://engineering.ucsb.edu/news/673,True,no,,,,North America,,,,,,,,False,False,True,False,False,,
242,"Complete, no interview",,In Development,,,,,,,,,,,Industry,"Techjet

Georgia Tech",,Dragonfly,"Micro-arial vehicle that flies, hovers and collects data with sensors. Can be used for any tasks requiring live and mobile video feed.",True,Bird and insects,Mimics birds ability to fly and insects (such as the dragonfly) ability to hover.,False,Animalia,,,Organ,Tissue,Organ System,0.0,False,,True,False,,https://www.techject.com/,False,no,,,,North America,,,,,,,Dragonfly,True,False,False,False,False,,
243,"Complete, no interview",,In Development,,,,,,,,,,,Academia,"Korea Advanced Institute of Science and Technology

Firefly Institute

 Korea Basic Science Institute

Korea Institute of Standards and Science",,,Anti-reflective LED lens that allows for 98 percent of light to pass through.,False,Firefly latern,Mimics the nanostructure of the firefly latern by copying the anti-reflective layer that prevents loss of light. ,False,Animalia,Invertebrates,Arthropoda,Organ,Tissue,Organ System,1.0,False,,True,False,,https://www.treehugger.com/clean-technology/fireflies-inspire-better-cheaper-leds.html,True,no,,,,North America,,,,,,,,False,True,False,False,False,,
244,"Complete, no interview",,In Development,,,,2013.0,Expected June 2013,expected,,,,,Academia,University of Pennsylvania,,,Material to coat solar panels to keep them clean and dry which will increase the output as well.,False,Butterfly wings,Mimics the structure of butterfly wings that give them reflective and water-resistant properties. ,False,Animalia,Invertebrates,Arthropoda,Tissue,Cell,Organ,1.0,False,,True,False,,https://www.treehugger.com/solar-technology/butterfly-wings-inspire-holographic-solar-panel-coatings.html,False,no,,,,Asia,,,,,,,,False,True,False,False,False,,
245,"Complete, no interview",,In Development,2009.0,2009,,,,,,,,,Academia,"Harvard University, School of Engineering and Applied Sciences",,Robobees,"Autonomous flying robotic bee. Has applications for pollinating crops, search and rescue, hazardous environment exploration, weather and climate mapping, and traffic monitoring.",True,"Researchers claim they are mimicking the bee body, brain and colony.",,False,Animalia,Invertebrates,Arthropoda,Organism,Organ System,Population,0.0,False,,True,True,,https://www.treehugger.com/clean-technology/harvards-robobee-takes-flight.html,False,yes,,https://wyss.harvard.edu/technology/robobees-autonomous-flying-microrobots/,,North America,,,,,,,Robobees,True,False,False,False,False,,
246,"Complete, no interview",,In Development,,,,,,,,,,,Industry,Shoal Consortium,,,Robotic fish that can be used for real-time monitoring of pollution in water sources.,False,Fish,Mimics the hydrodynamic features of a fish and has fins to allow for changing direction in the water.,False,Animalia,Chordates,Chordata,Organism,Organ System,Population,1.0,False,,True,False,,https://cordis.europa.eu/project/id/231646,True,no,,project funding ended in 2012,,North America,,,,,,,,False,True,False,False,False,,
247,"Complete, no interview",,Commercially Available,,,,,,,,,,,Industry,Japan Trend Shop,,Leaf Thermometer,"Paper temperature reader that is shaped like a leaf. It is green when the temperature is 20-25°C, if it gets hotter it will turn yellow, if it gets colder it will turn brown.",False,Autumn colour changing of leaves.,,False,Plantae,Plants,Anthophyta,Organ,Tissue,Organ System,,False,,False,False,,"http://www.japantrendshop.com/leaf-thermometer-paper-temperature-reader-p-1453.html
http://www.treehugger.com/lawn-garden/paper-leaf-changes-color-depending-temperature.html",True,yes,,,,Europe,,,,,,,Leaf Thermometer,False,False,False,False,True,,
248,"Complete, no interview",,In Development,,,,2007.0,2007 (Earlier model),,,,,,Industry,"École Polytechnique Fédérale de Lausanne,  Biorobotics Laboratory",,Salamandra robotica II,"Robotic salamander that is capable of walking, crawling and swimming.",False,Salamander method of muscle signalling.,Mimics the method of delivering signals from the brain to the spine to cause the salamander to walk crawl and swim. ,False,Animalia,Chordates,Chordata,Organ,Tissue,Organ System,1.0,False,,True,False,,https://www.japantrendshop.com/leaf-thermometer-paper-temperature-reader-p-1453.html,True,yes,,"Pleurobot, Krock-2",,Asia,,,,,,,Salamandra robotica II,False,False,True,False,False,,
249,"Complete, no interview",,In Development,,,,,,,,,,,Academia,"University of Sheffield

University of Sussex",,Green Brain,"A computer model of the honey bee brain, particulary the control of sense of smell and vision, that can be used to create a robotic bee, and advance artificial itelligence.",False,Honey bee brain,Recreating an accurate honey bee brain using computer modelling.,False,Animalia,Invertebrates,Arthropoda,Organ,Tissue,Organ System,,False,,False,False,,https://biorob.epfl.ch/cms/site/biorob/,False,yes,,"research continued in project ""Brains on Board""",,Europe,,,,,,,Green Brain,False,False,False,False,True,,
250,"Complete, no interview",,Concept,,,,,,,,,,,Academia,Queen Mary Univeristy of London,,,"Mathematical patterning of bee problem solving to be used for applications in making faster computer networks and microchips, DNA sequesing, or to help delivery companies.",False,Bumblebees' learning process,Using mathmetics models  to mimic the problem solving abilities of the Bumblebee to find the shortest route among landmarks. ,False,Animalia,Invertebrates,Arthropoda,Organ,Tissue,Organ System,1.0,False,,True,False,,https://www.treehugger.com/clean-technology/green-brain-robot-uses-honeybee-brain-navigation.html,False,no,,,,Europe,,,,,,,,False,False,True,False,False,,
251,"Complete, no interview",,Commercially Available,2000.0,2000,,,,,,,,,Industry,Siemens,,DinoTails,Wind turbine attachment.,False,Stegasaurus tail plates,Wind turbine attachment mimics the shape of the plates on a Stegasaurus' tail. ,True,Animalia,Chordates,Chordata,Organ,Tissue,Organ System,,False,,False,False,,https://www.treehugger.com/clean-technology/mathematical-patterning-neural-net-self-learning-robotic-hand.html,False,yes,,https://ask-nature.sfo3.digitaloceanspaces.com/wp-content/uploads/2020/11/31140644/Siemens-Gamesa_Dino-Tails_Brochure.pdf,,Europe,,,,,,,DinoTails,False,False,False,False,True,,
252,"Complete, no interview",,Commercially Available,,,,,,,,,,,Industry,Siemens,,DinoShells,Wind turbine attachment.,False,Dinosaur eggs,Wind turbine attachment mimics the shape of the curve of a dinosaur egg. ,True,Animalia,Chordates,Chordata,Organ,Tissue,Organ System,,False,,False,False,,https://www.treehugger.com/wind-technology/dinosaur-inspired-designs-increase-wind-turbine-power-output.html,False,no,,,,Europe,,,,,,,DinoShells,False,False,False,False,True,,
253,"Complete, no interview",,In Development,,,,,,,,,,,,"Boston Dynamics of Waltham, Mass",,,Cheetah-inspired robot,False,Fast running animals (such as cheetah),"The robot increases its stride and speed by flexing and un-flexing its back during each step, the same way a cheetah does.",False,Animalia,Chordates,Chordata,Organ,Tissue,Organ System,0.0,False,,True,False,,https://www.treehugger.com/gadgets/cheetah-inspired-robots-can-run-28-5-mph.html,True,no,,,,Europe,,,,,,,,True,False,False,False,False,,
254,"Complete, no interview",,Commercially Available,,,,,,,,,,,Industry,AeroVironment,,Mola robot,Autonomous underwater solar-powered robot to be used for scientific surveys and ocean monitoring.,False,Sunfish (Mola),"Inspired by the behaviour of the sunfish that regualry rises to the surface to bask in the sun. It is not known why the fish does this (either to digest food, or encourage birds to eat parasites off their skin). ",False,Animalia,Chordates,Chordata,Organism,Organ System,Population,,False,,False,False,,https://www.treehugger.com/clean-technology/underwater-solar-powered-robot-swims-and-dives-real-sunfish.html,False,no,,,,North America,,,,,,,Mola robot,False,False,False,False,True,,
255,"Complete, no interview",,In Development,,,,,,,,,,,Academia,University of Wisconsin Madison,,,Solar power system that can passively follow the sun.,False,Sunflower heliotropism,Uses liquid crystalline elastomer (LCE) and carbon nanotubes to mimic sunflower heliotropismThe nanotubes absorb the light and heat up which causes the LCE to shrink and the entire solar panel to move in the direction of the strongest sunlight.,True,Plantae,Plants,Anthophyta,Organ,Tissue,Organ System,0.0,False,,True,False,,https://www.news.wisc.edu/20967,True, no,,,,North America,,,,,,,,True,False,False,False,False,,
256,"Complete, no interview",,In Development,,,,,,,,,,,Academia,"Massachusettes Institute of Technology

Harvard University

Seoul National University",,Meshworm,Autonomous robot made out of flexible material that moves like an earthworm.,False,Earthworm movement via peristalsis,Mimics the earthworms muscles used in movement. The earthworm moves uses alternating contracting and stretching between muscles that run along the body legth and body width. Researchers mimicked these muscles in the robot using a nickle titanium alloy that reacts to heat and placing them running lengthwise and in a coil around the body. ,False,Animalia,Invertebrates,Annelida,Organ System,Organ,Organism,1.0,False,,True,False,,https://www.treehugger.com/gadgets/darpa-funds-robotic-earthworm.html,False,yes,,"https://seas.harvard.edu/news/what-tangled-robot-we-weave#:~:text=Werfel%20is%20hooked%20on%20creating,and%20coordination?%E2%80%9D%20Werfel%20said.",,North America,,,,,,,Meshworm,False,False,True,False,False,,
257,"Complete, no interview",,Concept,2012.0,2012,,,,,,,,,Academia,Architectural Association School of Architecture,,The 6th Layer: Explorative Canopy Trail,Human-sized spider web. Designed as a framework for rainforest exploration and harvesting medicinal plants. Product would protect the environment and indigenous populations while allowing scientific research.,False,Structural principles of spider webs,Claims on news sites that it uses structural principles of spider webs.,True,Animalia,Invertebrates,Arthropoda,Tissue,Cell,Organ,,False,,False,False,,https://www.treehugger.com/green-architecture/6th-layer-spider-web-building.html,False,no,,,,North America,,,,,,,The 6th Layer: Explorative Canopy Trail,False,False,False,False,True,,
258,"Complete, no interview",,Commercially Available,,,,,,,,,,,Industry,Continental Reifen Deutschland GmbH,,ContiSportContact 2,Product is a tire that increases in surface area during braking,True,Cat's paws,The paws of cats increase in surface area in order to increase the efficiency of braking,False,Animalia,Chordates,Chordata,Organ,Tissue,Organ System,1.0,False,,True,False,,https://www.continental-reifen.de/products/car/tires,False,yes,,https://www.continental-reifen.de/products/car/tires/sportcontact-7/,,Europe,,,,,,,ContiSportContact 2,False,False,True,False,False,,
259,"Complete, no interview",,Commercially Available,,,,,,,,,,,Industry,VOSS Chemie GmbH,,Haifischhuat,In German,,Shark skin,In German,False,Animalia,Chordates,Chordata,Tissue,Cell,Organ,1.0,False,,True,False,,https://www.haifischhaut.de/vosschemie.html,True,yes,,,,Europe,,,,,,,Haifischhuat,False,True,False,False,False,,
260,"Complete, no interview",,"Discontinued, was Commercially Available",,,,,,,,,,,Industry,Speedo,,Fastskin line: LZR Racer,swimsuit with 'shark skin',False,Shark skin,Mimics sandpaper quality of the shark's skin in order to decrease drag. Failed product. ,False,Animalia,Chordates,Chordata,Tissue,Cell,Organ,1.0,False,,True,False,,https://www.speedo.com/aqualab/lzr-racer,True,yes,,,,Europe,,,,,,,Fastskin line: LZR Racer,False,True,False,False,False,,
261,"Complete, no interview",,Commercially Available,,,,,,,,,,,Industry,Evologics,,Bionic Loop Propeller,A propeller with reduced drag and noise,True,wing tips of birds,the wing tips of birds are shaped to minimise turbulent drag,True,Animalia,Chordates,Chordata,Organ,Tissue,Organism,1.0,False,,True,False,,https://www.evologics.de/en/products,False,yes,,https://www.evologics.com/,,,,,,,,,Bionic Loop Propeller,False,True,False,False,False,,
262,"Complete, no interview",,Commercially Available,,,,,,,,,,,Industry,Evologics,,Bionic Robots,Robot appears like the torso of a human,False,human,"Human torso and, more specifically, arm function",False,Animalia,Chordates,Chordata,Organ,Tissue,Organ System,0.0,False,,True,False,,https://www.evologics.de/en/products,False,yes,,https://www.evologics.com/,,Europe,,,,,,,Bionic Robots,True,False,False,False,False,,
263,"Complete, no interview",,Commercially Available,,,,,,,,,,False,Industry,AMSilk,,Biosteel Spidersilk Fibers,Steel fiber,False,Spider silk,Steel fibre mimics aspects of spider silk,False,Animalia,Invertebrates,Arthropoda,Tissue,Cell,Organ,1.0,False,,True,False,,https://www.amsilk.com/about-us/,False,yes,,https://www.amsilk.com/about-us/,,Europe,,,,,,,Biosteel Spidersilk Fibers,False,True,False,False,False,,
264,"Complete, no interview",,Commercially Available,,,,,,,,,,,Industry,woelbstruktur,,Vault structured materials,A material with honey comb-like pattern,False,"The way that nature solves problems, by changing the material and reducing the energy",evolution…?,False,,,,,,,,False,,False,False,,https://www.woelbstruktur.de/bionik.html,True,yes,,,,Europe,,,,,,,Vault structured materials,False,False,False,False,True,,
265,"Complete, no interview",,Commercially Available,,,,,,,,,,,Industry,AWI imare,,ELiSE (Evolutionary Light Structure Engineering),Lightweight construction material.,False,Diatom shells,"The shells of diatoms are structurally very solid, but also very light weight",False,Protista,Other,,Organ,Tissue,Organ System,1.0,False,,True,False,,https://epic.awi.de/38281/,False,no,,,,Europe,,,,,,,ELiSE (Evolutionary Light Structure Engineering),False,True,False,False,False,,
266,"Complete, no interview",,Commercially Available,1941.0,1941,,1948.0,1948,,1958.0,late 1950s,,False,Industry,Velcro,,Velcro,Product sticks two surfaces together.,False,Burrs,Burrs,False,Plantae,Plants,Anthophyta,Tissue,Cell,Organ,1.0,False,,True,False,,https://www.velcro.com,True,yes,,,,Europe,,,,,,,Velcro,False,True,False,False,False,,
267,"Complete, with interview",,In Development,2008.0,2008,,2008.0,2008,,,,,,Industry,Micher Traxler Studio,True,Idea of a Tree Recorder,machine that winds coloured string around a central axis. Colour and thickness of the string is dependent upon the intensity of sunlight. Machine is solar powered.,False,A tree,a tree that records climatic changes (note: not daily fluctuations in sunlight) - I think this might only record fluctuations in sunlight…,False,Plantae,Plants,,Organism,Organ System,Population,,False,,False,False,,https://www.designboom.com/design/,False,no,,,,North America,,,,,,,Idea of a Tree Recorder,False,False,False,False,True,,
268,"Complete, no interview",,In Development,,,,,,,,,,,Industry,Green Wavelength,,,Wind turbines that mimic hovering flight.,False,hovering flight mechanics of birds and insects,,True,Animalia,,,Organ System,Organ,Organism,2.0,False,,True,False,,https://www.greenwavelength.com/products/,False,no,,,,Europe,,,,,,,,False,True,True,False,False,,
269,"Complete, no interview",,Commercially Available,2009.0,2009,,2012.0,2012,,,,,,Academia,The Sahara Forest Project,,The Sahara Forest Project,Greening the deserts by using a saltwater process cascade.,False,Ecosystem service,,True,,,,Biosphere,Ecosystem,,0.0,True,a variety of species including plants…. ,True,False,,http://saharaforestproject.com/concept.html,False,yes,,https://www.saharaforestproject.com/project-development/,,North America,,,,,,,The Sahara Forest Project,True,False,False,False,False,,
270,"Complete, no interview",,Commercially Available,,,,,,,,,,,Academia,"Office of Naval Research, Smart Microsystems Lab",,Grace (Gliding robot ace),Robotic fish to monitor water quality and characteristics.,False,Fish,"the robotic fish mimics the fins of fish in that they are flexible, and maneuver in the same way. Also has an artificial lateral line. Able to swim and glide through the water. ",False,Animalia,Chordates,Chordata,Organ System,Organ,Organism,2.0,False,,True,False,,https://www.saharaforestproject.com/concept.html,True,no,,,,Europe,,,,,,,Grace (Gliding robot ace),False,True,True,False,False,,
271,"Complete, no interview",,In Development,,,,,,,,,,,Academia,"Massachusettes Institute of Technology, The Hosoi Group",,RoboClam,Anchor.,True,Razor clam way of digging itself into the sediment by liquifying the sediment around it to reduce resistance,The RoboClam will create the same conditions around itself to dig itself into the substrate and form a more solid anchor,False,Animalia,Invertebrates,Mollusca,Organism,Organ System,Population,1.0,False,,True,False,,https://www.egr.msu.edu/~xbtan/,False,no,,,,North America,,,,,,,RoboClam,False,False,True,False,False,,
272,"Complete, no interview",,Commercially Available,,,,,,,,,,,Industry,Tecnan,,Tecnadis PRS EFFECT,Water repellant façade for covering historical buildings and monuments or to be used as a building material.,False,Lotus leaf effect,Nanoparticles allow humidity to escape from porous materials yet stop water absorption. Surface causes the water to slide over it and drops wash dirt particles away without penetrating.,False,Plantae,Plants,Anthophyta,Tissue,Organ,Organism,0.0,False,,True,False,,https://tecnan-nanomat.es/en/product/tecnadis-p,False,yes,,https://tecnan-nanomat.es/en/product/tecnadis-prs-performance/,,North America,,,,,,,Tecnadis PRS EFFECT,True,False,False,False,False,,
273,"Complete, with interview",,In Development,2008.0,2008,,2008.0,2008,,,,,True,Academia,"New York University, Polytechnic Institute",True,,"Robotic fish that encourages real fish to follow it. Applications for leading fish away from unsafe areas, such as underwater turbines, or oil spills.",False,Zebrafish schooling behviour,Mimics the way that zebra fish swim and move. Researchers studied the one dimensional mathematical movements and developed algorithms in order to produce a robot that would convince other fish to follow it. ,False,Animalia,Chordates,Chordata,Organism,Organ System,Population,2.0,False,,True,False,,https://www.treehugger.com/clean-technology/robotic-fish-anchors-using-razor-clam-digging.html,False,no,,,,Europe,,,,,,,,False,False,True,True,False,,
274,"Complete, no interview",,In Development,,,,,,,,,,,Academia,Massachusetts Institute of Technology,,Finnegan,Maneuverable autonomous underwater vehicle. Robot has the ability to turn and avoid obstacles without losing speed.,True,Sea turtle,Mimics the flipper movements of the turtle and the robots shoulders were adjusted to allow for it to turn on a greater arc while making level turns.,False,Animalia,Chordates,Chordata,Organ,Tissue,Organ System,1.0,False,,True,False,,https://www.whoi.edu/oceanus/feature/the-turtle-and-the-robot/,False,no,,,,North America,,,,,,,Finnegan,False,False,True,False,False,,
275,"Complete, no interview",,In Development,,,,,,,,,,,Academia,"Massachusettes Institute of Technology

Brigham and Women's Hospital",,,"Multivalent DNA network designed to capture and release circulating cancerous cells found in the bloodstream (lymphoblas cells). Lymphoblast cells have protein markers that are unique and can be used to identify them for capture. Lymphoblasts have a high probability of binding to the microfluidic device that was created as it moves through biological channels, while non-cancerous cells are unaffected.",False,Jellyfish tentacles,Product was inspired by the jellyfish tentacles ability to capture food particles. ,False,Animalia,Invertebrates,Cnidaria,Organ,Tissue,Organ System,0.0,True,DNA,True,False,,"Zhao, W. et al., 2012. Bioinspired multivalent DNA network for capture and release of cells. Proceedings of the National Academy of Sciences. Available at: http://www.pnas.org/content/early/2012/11/08/1211234109 [Accessed March 27, 2013].
http://www.extremetech.com/extreme/140430-filtering-cancerous-cells-from-your-blood-with-jellyfish-inspired-dna-tentacles
",False,no,,,,North America,,,,,,,,True,False,False,False,False,,
276,"Complete, no interview",,Concept,,,,,,,,,,,Industry,Adam Opel AG,,Various car components,The structural components of cars,True,Trees or bones,"The idea is that trees and bones do not have an excess of structural material, only the minimum required, so the products are 'pared' down to reflect a minimum use of material",True,,,,Organ,Tissue,Organ System,0.0,False,,True,False,,https://www.opel.de/opel-erleben/opel-experimente.html,True,yes,,https://www.opel.de/opel-erleben/opel-experimental.html,,North America,,,,,,,Various car components,True,False,False,False,False,,
277,"Complete, no interview",,Commercially Available,,,,,,,,,,False,Industry,Alan Sportartikel GmbH,,PowerSkip,Jumping stilts for humans,False,Kangaroo,The stilts mimic the biomechanics of the kangaroo to allow for bounding movement.,False,Animalia,Chordates,Chordata,Organ,Tissue,Organ System,1.0,False,,True,False,,https://www.bikeradar.com/reviews/bikes/mountain-bikes/bionicon-edison-review,False,no,,firm closed,,Europe,,,,,,,PowerSkip,False,True,False,False,False,,
278,"Complete, no interview",,Commercially Available,,,,,,,2002.0,2002,,,Industry,Bionicon GmbH,,Edison,Mountain bike that changes its geometry depending upon the activity,False,Wild Mountain Goats of Tegernsee,Goats shorten their front legs (less fork travel) when climbing and lengthen (more fork travel) them when descending to shift their center of gravity,False,Animalia,Chordates,Chordata,Organ,Tissue,Organ System,1.0,False,,True,False,,https://www.bikeradar.com/reviews/bikes/mountain-bikes/bionicon-edison-review,False,no,,,,Europe,,,,,,,Edison,False,False,True,False,False,,
279,"Complete, no interview",,Commercially Available,2000.0,2000,,2001.0,"2001, 2004",,2003.0,"2003, 2006",,,Industry,Seismic Asia Pacific Pty Ltd,,Chirpscan I and Chirpscan II,Sonar,False,?,,False,,,,,,,,False,,,False,,https://asknature.org/innovation/intricate-sound-sensor-inspired-by-bat-ears/,False,no,,,,Europe,,,,,,,Chirpscan I and Chirpscan II,,,,,False,,
280,"Complete, no interview",,Concept,,,,2008.0,2008,,,,,,Industry,BMW,,GINA,Roadster car with fabric skin,True,Skin,The car has a 'skin' made of fabric that is bendable rather than hard sheets of metal,False,,,,Organ,Tissue,Organ System,0.0,False,,True,False,,https://www.press.bmwgroup.com/global/article/detail/T0010817EN/the-bmw-gina-light-visionary-model-innovative-approach-and-optics,False,no,,,,Oceania,,,,,,,GINA,True,False,False,False,False,,
281,"Complete, no interview",,Concept,,,,2005.0,2005,,,,,,Industry,Mercedes-Benz (Daimler Chrysler),,Bionic,Car that looks like a yellow boxfish,True,Yellow Boxfish (Ostracion cubicus) ,The shape of the car is similar to that of a boxfish.,False,Animalia,Chordates,Chordata,Organism,Organ System,Population,1.0,False,,True,False,,https://www.mercedes-benz.com/en/innovation/,False,no,,,,North America,,,,,,,Bionic,False,True,False,False,False,,
282,"Complete, with interview",,In Development,1912.0,1912,,,,,,,,,Academia,"Arizona State University, Gust Lab",False,,Photosynthetic energy conversion,False,Photosynthesis,"""In their laboratories they synthesize organic molecules that absorb sunlight and use the resulting energy to carry out basic processes such as energy transfer, photoinduced electron transfer, and photoisomerization.""",True,Plantae,Plants,Anthophyta,Tissue,Cell,Organ,1.0,False,,True,False,,https://search.asu.edu/profile/person/29848,False,no,,,,Europe,,,,,,,,False,True,False,False,False,,
283,"Complete, no interview",,Commercially Available,,,,,,,,,,False,Industry,"CREAVIS Gesellschaft fuer Tech. 

Innovation mbH",,Self-cleaning lotus effect surfaces having antimicrobial properties,Manufacturing procedure to secure self-cleaning surface,False,,,False,,,,,,,,False,,False,False,,patent,False,no,,,,Europe,,,,,,,Self-cleaning lotus effect surfaces having antimicrobial properties,False,False,False,False,True,,
284,"Complete, no interview",,Commercially Available,,,,,,,,,,,Industry,Duravit AG,False,WonderGliss,Hydro and dirt-phobic surface,False,Lotus,Insufficient info,True,Plantae,Plants,Anthophyta,Tissue,Cell,Organ,1.0,False,,True,False,,https://www.duravit.com/,True,yes,,,,North America,,,,,,,WonderGliss,False,True,False,False,False,,
285,"Complete, no interview",,Commercially Available,,,,,,,,,,,Industry,"Airbus SE (formerly EADS - Airbus, renamed 2014-2017)",,Airbus cabin bathroom surfaces,Bathroom surfaces are using the lotus effect,True,Lotus leaf,Bathroom surfaces are 'self cleaning',True,Plantae,Plants,,Tissue,Cell,Organ,1.0,False,,True,False,,https://www.airbus.com/en/innovation,False,no,,,,Europe,,,,,,,Airbus cabin bathroom surfaces,False,True,False,False,False,,
286,"Complete, no interview",,Commercially Available,,,,,,,,,,,Industry,"Airbus SE (formerly EADS - Airbus, renamed 2014-2017)",,A380 wings,Winglets,True,winglets of Steppe Eagles,"The wing tips of the airplanes are winglets, curling upward to almost 90 degrees. This maintains a high surface area but a lower aspect ratio.",True,Animalia,Chordates,Chordata,Organ,Tissue,Organ System,1.0,False,,True,False,,https://www.airbus.com/en/innovation,False,no,,,,Europe,,,,,,,A380 wings,False,True,False,False,False,,
287,"Complete, no interview",,Commercially Available,1991.0,1991,,,,,,,,False,Industry,Boeing,True,Winglet,Winglets on airplane wings that mimick the winglets of soaring birds,True,Eagles,"The wing tips of the airplanes are winglets, curling upward to almost 90 degrees. This maintains a high surface area but a lower aspect ratio.",False,Animalia,Chordates,,Organ,Tissue,Organ System,1.0,False,,True,False,,https://www.boeing.com,True,yes,,,,Europe,,,,,,,Winglet,False,True,False,False,False,,
288,"Complete, no interview",,Commercially Available,,,,,,,,,,,Industry,Sound Foresight Technology Ltd.,True,UltraCane,A cane for the  blind or partially blind  that gives mobility assistance by emitting ultrosonic waves and feeding the information about upcoming objects back to the user.,False,Bat and dolphin echolocation,,False,Animalia,Chordates,Chordata,Organ System,Organ,Organism,1.0,False,,True,False,,https://www.ultracane.com/about,False,no,,,,North America,,,,,,,UltraCane,False,False,True,False,False,,
289,"Complete, no interview",,Commercially Available,,,,,,,,,,,Industry,Enertia Homes,True,Enertia,Geo-solar technology to allow houses the capability to self-heat as well as self-cool.,False,"copying ""Earth""","""Most have a built-in ""biosphere,"" modeled after planet Earths’ that draws energy from the sun, and geothermal stability from the ground, creating a temperate climate that buffers the primary living space. Your personal Greenhouse Effect warms your house in winter. Naturally-induced air currents cool it in summer.""",True,,,,Biosphere,Ecosystem,,0.0,False,,True,False,,https://www.enertia.com,False,no,,,,Europe,,,,,,,Enertia,True,False,False,False,False,,
290,"Complete, with interview",,Concept,2011.0,2011,,2011.0,2011,,,,,,Industry,soma ,,multiple natures,Design concept for Taiwan Tower International Copetition. It is a zero-carbon structure that looks somewhat plant-like and was designed using the swarm intelligence system.,False,?,?,False,,,,Ecosystem,Community,Biosphere,,False,,False,False,,"http://www.soma-architecture.com/index.php?page=multiple_natures&parent=2
http://www.treehugger.com/green-architecture/fibrous-tower-taiwan-skyscraper-soma.html",True,no,,,,North America,,,,,,,multiple natures,False,False,False,False,True,,
291,"Complete, no interview",,In Development,,,,,,,,,,,Industry,QisdaCorporation,True,Coral Reef LED Floor Light,A floor light with 3 LED fan shaped lights.,False,Coral reefs,Designers were inspired by the shapes of coral and how the sun hits them. ,True,Animalia,Invertebrates,Cnidaria,Organism,Organ System,Population,,False,,False,False,,https://www.soma-architecture.com,False,no,,,,Europe,,,,,,,Coral Reef LED Floor Light,False,False,False,False,True,,
292,"Complete, with interview",,In Development,2010.0,2010,,2010.0,2010,,,,,,Academia,Gerogia Institute of Technology,True,Scalybot2,Artificial robot with scale-like teeth on underside that assist with climbing inclinces.,False,Snake scales and rectilinear motion,The movement and scales of snakes allow them to climb inclines.,False,Animalia,Chordates,Chordata,Tissue,Cell,Organ,1.0,False,,True,False,,https://www.red-dot.org/pd/online-exhibition,False,no,,,,Asia,,,,,,,Scalybot2,False,True,False,False,False,,
293,"Complete, with interview",,No longer in development,2010.0,2010,,2010.0,2010,,2011.0,2011,,,Academia,"University of Stuttgart, Institute for Computational Design
Institute of Building Structures and Structual Design",True,ICD/ITKE Research Pavilion 2011,A pavilion constructed of sheets of plywood that have been fingerjointed together using robotic fabrication.,False,Sand dollar,"Mimics the biological principles of a sand dollars plate skeleton. Copies the modular structure of the sand dollar plates and how they fit together, mimicking the finger-like calcite protrusions. Three plate edges meet at one point.",False,Animalia,Invertebrates,Echinodermata,Organ,Tissue,Organ System,1.0,False,,True,False,,https://www.treehugger.com/gadgets/scalybot-robot-takes-cues-snake-locomotion.html,False,no,,,,North America,,,,,,,ICD/ITKE Research Pavilion 2011,False,True,False,False,False,,
294,"Complete, no interview",,In Development,,,,,,,,,,,Industry,Studio Toer,,loef,Autonomous parasol that reacts to sunlight to provide shade.,False,plants ability to react to sunlight,When the robot senses sunlight with soalr panels the shading parasol opens up so that shading can be provided. ,False,Plantae,Plants,,Organ System,Organ,Organism,,False,,False,False,,https://icd.uni-stuttgart.de/?p=6,False,no,,,,Europe,,,,,,,loef,False,False,False,False,True,,
295,"Complete, no interview",,In Development,,,,,,,,,,,Academia,Case Western Researve University,,,A film material that has cellulose nanocrystals added to it that become more ridgid when exposed to light. Exposing one end to more light than the other means that one part can be more ridgid than the other. Applications for medical implants.,False,Squid beak,Mimics the way that the squids beak is ridgid at one end and soft at the other end. ,False,Animalia,Invertebrates,Mollusca,Molecule,,Organelle,0.0,False,,True,False,,https://www.treehugger.com/sustainable-product-design/studio-toer-creates-loef-autonomous-parasol-like-plant.html,False,no,,,,Europe,,,,,,,,True,False,False,False,False,,
296,"Complete, no interview",,In Development,,,,,,,,,,,Academia,Massachusetts Institute of Technology,,,"Glass that is glare-free, self-cleaning, and water-repellant.",False,"Different textures in nature - lotus leaves, desert beetle carpaces, and moth eyes. ","Mimics the use of nanostructure that is self cleaning and water repellants. ""Uses array of nanoscale cones that are five times as tall as their base width of 200 nanometers"" ",True,,,,Tissue,Cell,Organ,0.0,False,,True,False,,https://www.treehugger.com/clean-technology/glass-inspired-by-butterfly-wings-is-more-durable-than-regular-glass.html,True,no,,,,North America,,,,,,,,True,False,False,False,False,,
297,"Complete, no interview",,In Development,,,,,,,,,,,Academia,Fraunhofer Institute,,,Spider-like robot to be used for hazardous missions.,False,Spider movement,Looks and moves like a spider keeping at least 4 of the eight legs on the ground at all times. ,False,Animalia,Invertebrates,Arthropoda,Organ System,Organ,Organism,1.0,False,,True,False,,https://www.fraunhofer.de/en/press/research-news/2011/november/high-tech-spider.html,True,no,,,,North America,,,,,,,,False,False,True,False,False,,
298,"Complete, no interview",,In Development,,,,,,,,,,,Academia,"Georgia Institute of Technology

Northwestern University",True,FlipperBot (FBot),Sea turtle-like robot that uses flippers for locomotion.,False,Sea turtle flippers,Mimics the wrist movement of the sea turtles flippers to stop the robot from getting stuck in the sand and allow for variations in movement.,False,Animalia,Chordates,Chordata,Organ System,Organ,Organism,1.0,False,,True,False,,https://www.treehugger.com/gadgets/flipperbot-learns-to-walk-from-sea-turtles.html,False,no,,,,Europe,,,,,,,FlipperBot (FBot),False,False,True,False,False,,
299,"Complete, no interview",,Commercially Available,,,,,,,,,,,Industry,Festo,True,BioniOpter,Robotic drone that looks like a large dragonfly. Drone has the ability to fly in all directions and hover and glide.,True,Dragonfly,Mimics how dragofly flies and what it looks like,False,Animalia,Invertebrates,Arthropoda,Organism,Organ System,Population,2.0,False,,True,False,,https://www.treehugger.com/gadgets/festo-bionic-dragonfly-is-real.html,False,no,,,,North America,,,,,,,BioniOpter,False,True,True,False,False,,
300,"Complete, no interview",,In Development,,,,,,,,,,,,"Virginia Tech

Office of Naval Research",True,Cryo,Underwater autonomous robot. Applications for survalliance and oceanographic research,False,Jellyfish,Mimics how a jellyfish moves in the water and what it looks like.,False,Animalia,Invertebrates,Cnidaria,Organism,Organ System,Population,2.0,False,,True,False,,https://www.wired.com/dangerroom/cryo-underwater-vehicle/,False,no,,,,Europe,,,,,,,Cryo,False,True,True,False,False,,
301,"Complete, no interview",,In Development,,,,,,,,,,,Academia,"University of Reading, Centre for Biomimetics, School of Construction Management and Engineering

Brunel University, School of Engineering and Design",True,,Suckers that do not need actuators to be used on an octopus-inspired soft bodied robot.,False,Squid suckers,"""The first sucker artefact made of knitted nylon sheet reinforced silicone rubber has the same shape as the squid suckers. Like real squid suckers, this type of artefact also has a stalk that is connected to the arm skin and a ring to give radial support. The second design is a straight cylindrical structure with uniform wall thickness made of silicone rubber. One end of the cylinder is directly connected to the arm skin and the other end is open. The final design of the sucker has a cylindrical base and a concave meniscus top. The meniscus was formed naturally using the surface tension of silicone gel, which leads to a higher level of the liquid around the edge of a container. The wall thickness decreases towards the tip of the sucker opening.""",False,Animalia,Invertebrates,Mollusca,Tissue,Cell,Organ,0.0,False,,True,False,,"Hou, J. et al., 2012. Development of Biomimetic Squid-Inspired Suckers. Journal of Bionic Engineering, 9(4), pp.484–493.",,no,,,,North America,,,,,,,,True,False,False,False,False,,
302,"Complete, no interview",,In Development,,,,,,,,,,,Academia,"University of Illinois, Department of Materials Science and Engineering, Beckman Institute for Advanced Science and Technology, and Frederick Seitz Materials Research Laboratory",True,,Digital camera.,False,Insect eye,"""digital cameras that mimic hemispherical apposition
compound eyes found in biology""",False,Animalia,Invertebrates,Arthropoda,Organ,Tissue,Organ System,1.0,False,,True,False,,https://www.science.org/content/article/new-camera-inspired-insect-eye,False,no,,,,Europe,,,,,,,,False,True,False,False,False,,
303,"Complete, no interview",,Commercially Available,,,,,,,,,,,Industry,Calypso Technology,True,Galapagos,"Computer algorithm program. ""the successful application of the academic concept known as evolutionary or genetic algorithms to the intractable optimization problems inherent in the world of structured credit""",False,Evolution,???,False,,,,,,,,False,,False,False,,https://www.bbc.com/news/technology-3752725,False,yes,,Firm now: Nasdaq https://www.nasdaq.com/solutions/fintech,,North America,,,,,,,Galapagos,False,False,False,False,True,,
304,"Complete, no interview",,In Development,,,,,,,,,,,,,True,,High-heel,False,Avian beak and skull,The heel is mimicking a bird's beak and the front of the shoe is mimicking an avian skull.,False,Animalia,Chordates,Chordata,Organ,Tissue,Organ System,,False,,False,False,,https://www.wired.co.uk/magazine/archive/2012/10/play/skull-and-toe-bones,False,no,,,,North America,,,,,,,,False,False,False,False,True,,
305,"Complete, no interview",,Commercially Available,,,,2012.0,2012,,,,,,,PAX Scientific,True,PAX Pure,Commercial water purification system.,False,,"""PAX Pure has created a device that simulates high altitude boiling by reducing the pressure on the liquid, allowing it to boil at a much lower temperature. """,True,,,,,,,,False,,False,False,,https://www.paxpure.com/#/commercial-water,True,no,,Firm closed,,Europe,,,,,,,PAX Pure,False,False,False,False,True,,
306,"Complete, with interview",,Concept,2012.0,2012,,,,,,,,,,,True,Vertebrate Staircase,Staircase.,False,Whale spine,"""Inspired by the spine of a whale, the Vertebrae Staircase is not simply mimicry of organic form but an exploration in shaping structure.""",False,Animalia,Chordates,Chordata,Tissue,Cell,Organ,,False,,False,False,,https://www.biomimetic-architecture.com,False,no,,,,North America,,,,,,,Vertebrate Staircase,False,False,False,False,True,,
307,"Complete, no interview",,Commercially Available,,,,,,,,,,,,Simbiotek Design Lab,True,Meta Series,Jewelry and furniture design,False,"Amazonian water-lilly, dragonfly wings",Mimics organisms that display voronoi subdivision logic.,False,,,,Tissue,Cell,Organ,,False,,False,False,,https://www.biomimetic-architecture.com,False,no,,,,Europe,,,,,,,Meta Series,False,False,False,False,True,,
308,"Complete, no interview",,In Development,,,,,,,,,,,Academia,"University of Bath, Department of Mechanical Engineering",True,WaveDrive,"""Undulating propulsion mechanism that mimics the waves passed along the biological fin""",True,Knifefish,"""mimics the waves passed along the biological fin using several crank-actuated fin rays.""",False,Animalia,Chordates,Chordata,Organism,Organ System,Population,1.0,False,,True,False,,"Collins, K. et al., 2008. Kinematics and force characterisation of a knifefish-inspired mechanical propulsor. Available at: http://opus.bath.ac.uk/30129/ [Accessed July 16, 2013].

",False,no,,,,North America,,,,,,,WaveDrive,False,False,True,False,False,,
309,"Complete, no interview",,In Development,,,,,,,,,,,Academia,"Massachusetts Institute of Technology, Materials Science and Engineering",True,,"Interfacial material that has reversibly winkling capabilities. When the material is compressed it will wrinkle under the force applied, and when the force is removed it will smooth itself out.",False,"Arteries, cell walls",Mimics the configuration of arteries and cell walls that allows for reversible wrinkling. ,False,,,,Tissue,Cell,Organ,1.0,False,,True,False,,https://news.mit.edu/newsoffice/interfacial-material,False,no,,,,Europe,,,,,,,,False,True,False,False,False,,
310,"Complete, no interview",,In Development,,,,,,,,,,,Academia,"Harvard Medical School, Division of Biomedical Engineering, Department of Medicine, Brigham and Women’s Hospital",True,,"Adhesive for medical use, adheres to soft tissue and has ability to swell.",False,"Pomphoryhnchus laevis, acanthocephalans (spiny-headed worms)",Proboscis of Pomphoryhnchus laevis which can attach to hosts intestinal wall using swellable microneedle tips.,False,Animalia,Invertebrates,Acanthocephala,Organ,Tissue,Organ System,1.0,False,,True,False,,https://www.nationalgeographic.com/phenomena,True,no,,,,North America,,,,,,,,False,True,False,False,False,,
311,"Complete, no interview",,In Development,,,,,,,,,,,Academia,Harvard University,True,,"Carbonate-silica microstructure that has been self-assembled from chemical compounds. Applications for use in fields such as optics, catalytics, and electronics.",False,Heiarcal self-assembly in nature,"Using chemical gradients, researchers were able to get molecules to self assemble in various shapes",False,,,,Molecule,,Organelle,0.0,False,,True,False,,https://www.extremetech.com/extreme/156573-harvard-creates-beautiful-self-assembled-nanoflowers-to-better-understand-nature,True,,,,,North America,,,,,,,,True,False,False,False,False,,
312,"Complete, no interview",,Concept,,,,,,,,,,,Academia,"School of Physics and School of Biology, Georgia Institute of Technology",True,,Tunnel-digging robot for search and rescue.,False,Fire ant (Solenopsis invicta),"Ants ability and process of tunnelling through confined spaces ""their tunnels allow for effective limb, body, and antennae interaction with walls, which facilitate
rapid slip-recovery during ascending and descending climbs.""",False,Animalia,Invertebrates,Arthropoda,Organism,Organ System,Population,1.0,False,,True,False,,"http://www.treehugger.com/biomimicry/biomimicry-ants-inspire-robots.html
http://www.bbc.co.uk/news/science-environment-22598821
Gravish, N. et al., 2013. Climbing, falling, and jamming during ant locomotion in confined environments. Proceedings of the National Academy of Sciences. Available at: http://www.pnas.org/content/early/2013/05/16/1302428110 [Accessed May 27, 2013]",False,,,,,North America,,,,,,,,False,False,False,True,False,,
313,"Complete, no interview",,In Development,,,,,,,,,,True,Academia,"Laboratory of Intelligent Systems, École Polytechnique Fédérale de Lausanne",True,CurvACE,Minature curved artificial compound eyes for use in drones.,False,Insect eyes,"""The design consists of three planar layers of separately produced arrays, namely, a microlens array, a neuromorphic photodetector array, and a flexible printed circuit board that are stacked, cut, and curved to produce a mechanically flexible imager.""",False,Animalia,Invertebrates,Arthropoda,Organ,Tissue,Organ System,1.0,False,,True,False,,https://gizmodo.com/the-artificial-insect-eye-that-will-give-sight-to-tiny-509069158,True,no,,,,North America,,,,,,,CurvACE,False,True,False,False,False,,
314,"Complete, with interview",,In Development,2010.0,2010,,2012.0,2012,,,,,True,Academia,Scuola Superiore Sant'Anna,True,OCTOPUS Integrating Project,"Investigates principles of the octopus body and brain. Study, measure and model octopus performance through the use of a soft bodied 8-arm robot.",False,Octopus,"Robot mimics how the octopus moves through the water, elongates arms, and reaches and grabs.",False,Animalia,Invertebrates,Mollusca,Organ,Tissue,Organ System,1.0,False,,True,False,,https://spectrum.ieee.org/automaton,False,no,,,,Europe,,,,,,,OCTOPUS Integrating Project,False,True,False,False,False,,
315,"Complete, with interview",,In Development,2011.0,2011,,2012.0,2012,,,,,,Academia,North Carolina State University ,True,,Thin-film solar cell with a greater efficiency - light reflection between films normally causes light to be lost before it can be used for energy production.,False,Moth's eye,Mimics the nanostructure of a moth's eye which does not reflect light.,False,Animalia,Invertebrates,Arthropoda,Tissue,Cell,Organ,1.0,False,,True,False,,https://www.treehugger.com/solar-technology/thin-film-solar-cell.html,False,yes,,"https://research.ncsu.edu/re-entrant-mixing-behavior-in-organic-solar-cells-necessitates-new-modeling-approach/#:~:text=In%20a%20new%20study%2C%20an,want%20to%20mix%20or%20separate.",,Europe,,,,,,,,False,True,False,False,False,,
316,"Complete, with interview",,In Development,2011.0,2011,,2011.0,2011,,,,,False,Academia,Scuola Superiore Sant'Anna,True,Underwater propeller,A soft bodied jet propulsion system for use in liquid matter,,Propulsion of the cephalopod,Pulsed-jetting propulsion system in the cephalopod,False,Animalia,Invertebrates,Mollusca,Organ,Tissue,Organ System,1.0,False,,True,False,,Patent,,no,,,,North America,,,,,,,Underwater propeller,False,True,False,False,False,,
317,"Complete, no interview",,Concept,,,,,,,,,,,,,True,Chaac Ha,Rainwater harvestor,False,Bromeliad leaves and spider webs,"""Mimics bromeliads ability to funnel water towards the centre and ability to grow on other plants and derive their moisture and nutrients from the air and rain."" ""The structure holding up the membrane is inspired by a spider web, with its radial bamboo struts held in place by tension in the membrane and by concentric radial cords just as a spiderweb's radial strands are spaced apart by concentric radial threads.""",True,,,,Tissue,Cell,Organ,2.0,False,,True,True,,https://sustainabilityworkshop.autodesk.com,False,no,,,,Europe,,,,,,,Chaac Ha,False,True,True,False,False,,
318,"Complete, no interview",,In Development,,,,,,,,,,,Academia,MIT Media Lab,True,Carpal Skin,Glove worn to provide relief from carpal tunnel.,False,Brain coral," Article says that he doesn’t claim to have copied anything in nature, yet claims that it is biomimetic.",False,Animalia,Invertebrates,Cnidaria,Organism,Organ System,Population,,False,,False,False,,https://www.biomimetic-architecture.com,False,no,,,,North America,,,,,,,Carpal Skin,False,False,False,False,True,,
319,"Complete, no interview",,In Development,,,,,,,,,,,Academia,Nottingham Trent University,True,,Breathing buildlings with walls that breathe so building desn't require central heating or air conditioning.,False,Termite mounds,"Termite mounds have the ability to exchange CO2 and oxygen without losing heat, allowing them to live in hot environments while their mounds stay cool.",True,Animalia,Invertebrates,Arthropoda,,,,1.0,False,,True,False,,https://www.pollutionsolutions-online.com,False,no,,,,North America,,,,,,,,False,False,True,False,False,,
320,"Complete, with interview",,Commercially Available,,,,2008.0,2008,,,,,False,Industry,RavenBrick LLC,True,RavenSkin,thermally dynamic walls,False,Passive pigmentation and thermoregulation,"Passive pigmentation in cephalopods and many lizard species, passive thermoregulation in different phylogenetic kingdoms.",True,,,,,,,,False,,False,False,,https://www.ravenbrick.com/,False,no,,,,Europe,,,,,,,RavenSkin,False,False,False,False,True,,
321,"Complete, no interview",,In Development,,,,,,,,,,,Academia,"University of Reading, Centre for Biomimetics",True,,Material that reacts to the activity of the humidity level of the  wearer. Cold during the day and warm at night (designed for desert wear) two bonded fabrics have tiny flaps that open with increased humidity.,False,Pine cone,The ability of the pine cone to open and dry to relase its seeds.,False,Plantae,Plants,Coniferophyta,Organ,Tissue,Organ,1.0,False,,True,False,,https://newatlas.com/go/3515/,True,no,,,,North America,,,,,,,,False,False,True,False,False,,
322,"Complete, no interview",,In Development,,,,,,,,,,,Academia,Biomimetics Innovation Centre,True,,Anti-fouling coating.,True,Seeds that disperse by water current (Palm tree species),Hairy structure on seeds that allow them to prevent fouling when being distributed by ocean currents.,True,Plantae,Plants,,Tissue,Cell,Organ,1.0,False,,True,False,,https://newatlas.com/seed-inspired-anti-fouling-surface/19094/,True,no,,,,Europe,,,,,,,,False,True,False,False,False,,
323,"Complete, no interview",,In Development,,,,,,,,,,,Academia,"University of California, Berkeley, Biomimetics Millisystems Lab",True,VelociRoACH,Very small and very fast legged robot.,False,Cockroach,"""Copies a real roach by simply slamming head first into whatever is in its way, causing it to rear up on its back set of legs.""",False,Animalia,Invertebrates,Arthropoda,Population,Organism,Community,1.0,False,,True,False,,https://newatlas.com/velociroach-fast-insect-robot/25795/,True,no,,,,Europe,,,,,,,VelociRoACH,False,False,True,False,False,,
324,"Complete, no interview",,Concept,,,,,,,,,,,Academia,"Minneapolis College of Art and Design, Minneapolis, MN, US",False,SolDrip Solar Still,Water purification device.,False,Emergent properties of nature,Inspired by the emergent properties inherent in natural hierarchies,True,,,,,,,,False,,False,False,,https://biomimicry.org/student-design-challenge/,False,no,,,,North America,,,,,,,SolDrip Solar Still,False,False,False,False,True,,
325,"Complete, no interview",,In Development,,,,,,,,,,,Academia,U.S. Department of Homeland Security's (DHS) Science and Technology Directorate,True,BIOSwimmer,Underwater robot for surveillance use in constricted and hard to reach underwater areas.,False,Tuna,Mimics the swimming maneuverability of tuna. Has soft body and fins to assist.,False,Animalia,Chordates,Chordata,Organism,Organ System,Population,1.0,False,,True,False,,https://newatlas.com/bioswimmer-robotic-tuna/24213/,True,yes,,https://www.boston-engineering.com/wp-content/uploads/2021/10/BIOSwimmer-Data-Sheet_Boston-Engineering_20200722.pdf,,North America,,,,,,,BIOSwimmer,False,True,False,False,False,,
326,"Complete, no interview",,Commercially Available,,,,,,,,,,,Industry,"FESTO

Evologics GmbH

TU Berlin, Faculty of Bionoics and Evolutionary Technology",True,Humanoid,A torso support with two arms with five fingers. Uses a fluidic muscle developed by FESTO.,False,"Human arms, hands, muscles and nerves.","""bio-mechanics of human locomotion""",False,Animalia,Chordates,Chordata,Organ System,Organ,Organism,0.0,False,,True,False,,https://www.festo.com/cms/en_corp/9779.htm,True,no,,,,North America,,,,,,,Humanoid,True,False,False,False,False,,
327,"Complete, no interview",,Concept,,,,,,,,,,,Academia,Georgia Institute of Technology,True,,Robotic sensors to tell robot how to roll.,False,Mexican jumping bean moth larvae Cydia deshaisiana,The movement of the moth larvae that is found inside hollow seeds.,False,Animalia,Invertebrates,Arthropoda,Organism,Organ System,Population,1.0,False,,True,False,,https://www.greenwavelength.com/,False,no,,,,Europe,,,,,,,,False,False,True,False,False,,
328,"Complete, no interview",,Commercially Available,2006.0,2006,,,,,,,,,Industry,FESTO,True,b-IONIC Airfish,Robotic projectile??,True,Penguin and birds,"Mimics penguins pneumatic structure, as well as mechanical wing propulsion of birds.",False,Animalia,Chordates,Chordata,Organism,Organ System,Population,1.0,False,,True,False,,https://www.festo.com/cms/en_corp/,False,no,,,,North America,,,,,,,b-IONIC Airfish,False,True,False,False,False,,
329,"Complete, no interview",,Commercially Available,2006.0,2006,,,,,,,,,Industry,FESTO,True,Airacuda,"""Remote controlled, pneumatically driven underwater robotic fish""",True,Barracuda,Mimics swimming of barracuda and has air bladder for balance in water.,False,Animalia,Chordates,Chordata,Organism,Organ System,Population,0.0,False,,True,False,,https://www.festo.com/cms/en_corp/,False,no,,,,Europe,,,,,,,Airacuda,True,False,False,False,False,,
330,"Complete, no interview",,Commercially Available,2007.0,2007,,,,,,,,,Industry,FESTO,True,Fluidic Muscle,"""Bionic muscle made from hollow elastomer cylinder embedded with aramid fibres.""",False,Muscle,Mimics the movement of a muscle,False,Animalia,Chordates,Chordata,Organ,Tissue,Organ System,0.0,False,,True,False,,https://www.festo.com/cms/en_corp/,False,yes,,https://www.festo.com/de/de/p/fluidic-muscle-id_DMSP/,,Europe,,,,,,,Fluidic Muscle,True,False,False,False,False,,
331,"Complete, no interview",,In Development,,,,2012.0,2012,,,,,,,"Taizhou Vocational & Technical College, Department of Mechatronics Engineering

Nanyang Technological University, School of Mechanical and Aerospace Engineering",True,Biomimetic Pectoral Fin,Finned propulsor for use in underwater robot.,True,Bluespotted Ray,Swimming movement of bluespotted ray.,False,Animalia,Chordates,Chordata,Organ System,Organ,Organism,1.0,False,,True,False,,"Zhang, Y., He, J. & Low, K.H., 2012. Parametric study of an underwater finned propulsor inspired by bluespotted ray. Journal of Bionic Engineering, 9(2), pp.166–176.",True,yes,,https://www.sciencedirect.com/science/article/abs/pii/S0029801825001088,,Europe,,,,,,,Biomimetic Pectoral Fin,False,False,True,False,False,,
332,"Complete, no interview",,In Development,,,,,,,,,,,,"Wind Power Limited
Grimshaw Architect",True,Aerogenerator,Offshore wind turbine.,False,Sycamore leaf,Mimics spinning motion.,True,Plantae,Plants,Anthophyta,Organ,Tissue,Organ System,1.0,False,,True,True,,https://www.theguardian.com/environment/offshore-wind,True,no,,project officially discontinued,,Asia,,,,,,,Aerogenerator,False,True,False,False,False,,
333,"Complete, no interview",,Commercially Available,2007.0,2007,,,,,,,,,Industry,FESTO,True,Airic's Arm,"""Bionic arm that contains artificial arms and bones.""",False,Human arm,Mimics structure and movement of human bones and muscles.,False,Animalia,Chordates,Chordata,Organ System,Organ,Organism,0.0,False,,True,False,,https://www.festo.com/cms/en_corp/9785.htm,False,no,,,,Europe,,,,,,,Airic's Arm,True,False,False,False,False,,
334,"Complete, no interview",,Commercially Available,2007.0,2007,,,,,,,,,Industry,FESTO,True,Fin Ray Effect - Aqua Ray,Ray's bony rodes distribute even forces allowing propulsion in water,True,Fish fin,Anatomy of a fish fin,False,Animalia,Chordates,Chordata,Organ,Tissue,Organ System,1.0,False,,True,False,,"http://www.festo.com/cms/en_corp/9786.htm
MediaBrochure in Dropbox folder",False,yes,,https://source-robotics.com/blogs/blog/soft-robotic-grippers-fin-ray-effect?srsltid=AfmBOor9LHwzrenOq-bD-8D4QMBT5FdDlKUOlR8P0vXfcZQCL3mYesil,,Europe,,,,,,,Fin Ray Effect - Aqua Ray,False,True,False,False,False,,
335,"Complete, no interview",,Commercially Available,2007.0,2007,,,,,,,,,Industry,FESTO,True,Air Ray,"""Remote control helium-filled ballonet with a beating wing drive.""",True,"Manta ray, Bird flight","""Air_ray is modelled on the manta ray, which with its flanks akin to flapping wings has been plying the oceans for thousands of years. The contours of the manta ray have undergone  continuous refinement over the course of many stages of evolution.""",False,Animalia,Chordates,Chordata,Organism,Organ,Population,,False,,False,False,,https://www.festo.com/cms/en_corp/9789.htm,False,no,,,,Europe,,,,,,,Air Ray,False,False,False,False,True,,
336,"Complete, no interview",,Commercially Available,2008.0,2008,,,,,,,,,Industry,FESTO,True,AirArm,"""Two-segmented arm with a external skeleton and powered by pneumatic muscles. Has the ability to catch drops of water.""",False,"Lobsters, grasshopper legs","""In designing the joints, inspiration was derived from examples found in living nature. Via the joints of the grasshopper’s leg located close to the body (in particular the coxa trochanter joint), the search led to the lobster’s leg with its angularly displaced axes of
motion. A two-segmented flexing system with muscles operating in contrary motion was chosen as the general principle for technical realisation.""",False,Animalia,Invertebrates,Arthropoda,Organ,Tissue,Organ System,1.0,False,,True,False,,https://www.festo.com/cms/en_corp/,False,no,,,,Europe,,,,,,,AirArm,False,True,False,False,False,,
337,"Complete, no interview",,Commercially Available,2008.0,2008,,,,,,,,,Industry,FESTO,True,AquaJelly,Artificial underwater autonous robotic jellyfish.,True,Jellyfish,Swimming behaviour of jellyfish,False,Animalia,Invertebrates,Cnidaria,Organism,Organ,Population,,False,,False,False,,https://www.festo.com/cms/en_corp/,False,no,,,,Europe,,,,,,,AquaJelly,False,False,False,False,True,,
338,"Complete, no interview",,Commercially Available,2008.0,2008,,,,,,,,,Industry,FESTO,True,AirJelly,Remote control flying robot with helium-filled ballonett.,True,Jellyfish,Glides through the air by mimicking the peristaltic motion of jellyfish.,False,Animalia,Invertebrates,Cnidaria,Organism,Organ,Population,0.0,False,,True,False,,https://www.festo.com/cms/en_corp/,False,no,,,,Europe,,,,,,,AirJelly,True,False,False,False,False,,
339,"Complete, no interview",,Commercially Available,2009.0,2009,,,,,,,,,Industry,FESTO,True,AirArm,Bionic arm,False,Human arm movements,"""While this does not reproduce the movements of the
human arm on a 1:1 basis, it reflects the human strategy: bionics instead of biomimicry, in this case anthropofunctionality.""",False,Animalia,Chordates,Chordata,Organ,Tissue,Organ System,0.0,False,,True,False,,https://www.festo.com/cms/en_corp/,False,no,,,,Europe,,,,,,,AirArm,True,False,False,False,False,,
340,"Complete, no interview",,Commercially Available,2009.0,2009,,,,,,,,,Industry,FESTO,True,AquaPenguins,Underwater autonomous vehicle capable of turning and  maneuvering in tight spaces and swimming backwards.,True,Penguin swimming and diving behaviour,Mimics penguins hydrodynamic body contours and  wing propulsion principle.,False,Animalia,Chordates,Chordata,Organism,Organ System,Population,0.0,False,,True,False,,https://www.festo.com/cms/en_corp/,False,no,,,,Europe,,,,,,,AquaPenguins,True,False,False,False,False,,
341,"Complete, no interview",,Commercially Available,2009.0,2009,,,,,,,,,Industry,FESTO,True,AirPenguins,Autonomous flying robotic penguin comprised of helium-filled ballonett.,True,Penguing shape and swimming,Mimics penguins hydrodynamic body contours and flapping wings.,False,Animalia,Chordates,Chordata,Organism,Organ System,Population,0.0,False,,True,False,,https://www.festo.com/cms/en_corp/,False,no,,,,Europe,,,,,,,AirPenguins,True,False,False,False,False,,
342,"Complete, no interview",,In Development,,,,,,,,,,,Academia,"Konkuk University, Department of Advanced Technology Fusion",True,,Jumping mechanism for small-scale robots.,False,Locust,"""We have concentrated on mimicking the locust leg structure in terms of driving muscles, namely the extensor tibiae and flexor tibiae muscles. Our proposed mechanism consists of muscles represented by coiled springs for the passive extensors and a wire for the flexor, which is connected to a motor through a lever, cam, and gear system. The prototype of jumping mechanism is designed to be able to slowly charge the elastic energy to the coiled springs and then suddenly release all the energy through a kicking motion of the legs for jumping.""",False,Animalia,Invertebrates,Arthropoda,Organ System,Organ,Organism,0.0,False,,True,False,,"Nguyen, Q.-V. & Park, H.C., 2012. Design and Demonstration of a Locust-Like Jumping Mechanism for Small-Scale Robots. Journal of Bionic Engineering, 9(3), pp.271–281.",,no,,,,Europe,,,,,,,,True,False,False,False,False,,
343,"Complete, no interview",,Commercially Available,,,,,,,,,,,Industry,FESTO,True,SmartBird,"Autonomous ultralight flight modle that can start, fly, and land on its own.",True,Herring gull,Mimics flight of herring gull and ability to achieve lift and remain in the air using only muscle power.,False,Animalia,Chordates,Chordata,Organism,Organ System,Population,0.0,False,,True,False,,https://www.festo.com/cms/en_corp/,False,yes,,BionicSwift https://www.festo.com/de/de/e/ueber-festo/forschung-und-entwicklung/bionic-learning-network/bionische-flugobjekte/bionicswift-id_326830/,,Asia,,,,,,,SmartBird,True,False,False,False,False,,
344,"Complete, no interview",,Commercially Available,,,,,,,,,,,Industry,FESTO,True,PowerGripper,Robotic gripping system for picking up objects.,False,Bird's beak and skull,"Grasping concept of birds, kinematics of bird's skull.",False,Animalia,Chordates,Chordata,Organ System,Organ,Organism,1.0,False,,True,False,,https://www.festo.com/cms/en_corp/,False,no,,,,Europe,,,,,,,PowerGripper,False,False,True,False,False,,
345,"Complete, no interview",,Commercially Available,,,,,,,,,,,Industry,FESTO,True,NanoForceGripper,Gripper that can grasp smooth-surfaced fragile objects with almost no expenditure of energy.,False,Gecko adhesion,Sucker elements based on natural model of gecko.,True,Animalia,Chordates,Chordata,Tissue,Cell,Organ,1.0,False,,True,False,,https://www.festo.com/cms/en_corp/,False,no,,,,Europe,,,,,,,NanoForceGripper,False,True,False,False,False,,
346,"Complete, no interview",,Commercially Available,,,,,,,,,,,Academia,MIT Media Lab,True,The Silk Pavilion,Pavilion structure.,False,Silk worm cocoon,"""Inspired by the silkworm’s ability to generate a 3D cocoon out of a single multi-property silk thread (1km in length), the overall geometry of the pavilion was created using an algorithm that assigns a single continuous thread across patches providing various degrees of density. """,False,Animalia,Invertebrates,Arthropoda,Organism,Organ System,Population,,True,Silk worm??,False,False,,https://matter.media.mit.edu/environments/details/silk-pavilion,False,yes,,"https://www.esquel.com/news/oxman%E2%80%99s-silk-pavilion-ii-arrives-integral#:~:text=More%20about%20Silk%20Pavilion%20II&text=The%20structure%20was%20produced%20horizontally,a%20swarm%20of%206%2C500%20silkworms.",,Europe,,,,,,,The Silk Pavilion,False,False,False,False,True,,
347,"Complete, no interview",,Concept,,,,,,,,,,,Industry,Leeds Metropolitan University,True,,Industrial water park that reduces flooding (uses the water on-site).,False,"European foot plant
European water vole
Giraffe","How these are capturing, storing and distributing water.",True,,,,Ecosystem,Community,Biosphere,0.0,False,,True,True,,https://www.treehugger.com/resilient-buildings/water-park-flood-mitigation-design.html,False,yes,,"https://water.leeds.ac.uk/news/university-flood-management-scheme-is-first-in-uk/#:~:text=Facebook-,University%20flood%20management%20scheme%20is%20first%20in%20UK,valuable%20habitats%20for%20local%20wildlife.",,North America,,,,,,,,True,False,False,False,False,,
348,"Complete, with interview",,No longer in development,2007.0,2007,,2010.0,2010,,,,,,Industry,École Polytechnique Fédérale de Lausanne (EPFL),True,Cheetah-cub robot,House-cat inspired robot,False,House-cat,Mimics the gait of a cat by copying the segment-length ratio for legs. ,False,Animalia,Chordates,Chordata,Organ,Tissue,Organism,0.0,False,,True,False,,https://www.treehugger.com/gadgets/cheetah-cub-robot-moves-like-small-cats.html,False,yes,,project completed,,North America,,,,,,,Cheetah-cub robot,True,False,False,False,False,,
349,"Complete, no interview",,Commercially Available,,,,,,,,,,,Industry,AirVironment,True,Hummingbot,Nano Air Vehicle that looks and flies like a humminbird.,True,Hummingbird,Mimics how a humminbird looks a well as hovering flight.,False,Animalia,Chordates,Chordata,Organ System,Organ,Organism,0.0,False,,True,False,,https://www.avinc.com/nano,False,no,,,,Europe,,,,,,,Hummingbot,True,False,False,False,False,,
350,"Complete, no interview",,In Development,,,,,,,,,,,Academia,"University of Sheffield
Bristol Robotics Lab",True,SCRATCHbot (Spatial Cognition and Representation through Active TouCH bot),Robot designed to mimic behaviour of rats using whiskers to explore. Applications for search and rescue and inspection of pipes and conduits.,False,Rats,Mimics the use of touch with whiskers in rats.,False,Animalia,Chordates,Chordata,Organ System,Organ,Organism,1.0,False,,True,False,,https://www.brl.ac.uk/researchthemes/biomimetics,False,no,,,,North America,,,,,,,SCRATCHbot (Spatial Cognition and Representation through Active TouCH bot),False,False,False,True,False,,
351,"Complete, with interview",,No longer in development,2009.0,2009,,2009.0,2009,,,,,,Academia,Tufts University,True,GoQBot,Soft bodied robot that can curl up and roll.,False,Catepillar rolling,Mimics some catepillars ability to curl up and roll away from predators.,False,Animalia,Invertebrates,Arthropoda,Organism,Organ System,Population,0.0,False,,True,False,,"Lin, H.-T., Leisk, G.G. & Trimmer, B., 2011. GoQBot: a caterpillar-inspired soft-bodied rolling robot. Bioinspiration & Biomimetics, 6(2), p.026007.",,no,,,,Europe,,,,,,,GoQBot,True,False,False,False,False,,
352,"Complete, no interview",,In Development,,,,,,,,,,,Industry,DFKI Gmbh Robotics Innovation Ceneter (RIC),True,iStruct (Intelligent Structures for Mobile Robots) Demonstrator,Robotic ape.,False,Ape,"Mimics the way an ape moves, robot has the ability to  walk forwards, backwards and side to side.",False,Animalia,Chordates,Chordata,Organism,Organ System,Population,0.0,False,,True,False,,https://www.treehugger.com/gadgets/dfki-iStruct-robotic-ape.html,False,no,,,,North America,,,,,,,iStruct (Intelligent Structures for Mobile Robots) Demonstrator,True,False,False,False,False,,
353,"Complete, no interview",,In Development,,,,,,,,,,,Industry,DFKI Gmbh Robotics Innovation Ceneter (RIC),True,SCORPION,Outdoor robot for use in hazardous and difficult to navigate terrain.,True,Scorpion,Eight legged robot mimics the walking gait of scorpions. ,False,Animalia,Invertebrates,Arthropoda,Organism,Organ System,Population,0.0,False,,True,False,,https://robotik.dfki-bremen.de/en/research/projects/scorpion,False,no,,,,Europe,,,,,,,SCORPION,True,False,False,False,False,,
354,"Complete, with interview",,In Development,2012.0,2012,,2013.0,2013,,,,,,Academia,Fraunhofer Institute for Manufacturing Engineering and Automation IPA,True,,Underwater actuator for small water craft maneuvering that is quieter and less likely for fish to become caught in it.,True,Octopods,Mimics the defensive movements of octopods. Water is taken into mantel and squirted back out at high pressure through funnel (direction of funnel dictates direction of movement).,False,Animalia,Invertebrates,Mollusca,Organ System,Organ,Organism,1.0,False,,True,False,,https://www.fraunhofer.de/en/press/research-news/underwater-actuator,True,no,,,,Europe,,,,,,,,False,True,False,False,False,,
355,"Complete, no interview",,In Development,,,,,,,,,,,Academia,"University of California, Berkeley",True,Artificial forest,Nanowire heterostructures that resemble trees with silicon trunks and titanium oxide branches. Converts solar energy into oxygen and hydrogen to be used in chemical fuel cells.,False,"Chloroplasts, photosynthesis and trees",Semiconductor light absorbers mimic the chloroplast. Need more.,True,Plantae,Plants,Anthophyta,Cell,Organelle,Tissue,1.0,False,,True,True,,"http://newscenter.lbl.gov/news-releases/2013/05/16/artificial-forest-for-solar-water-splitting/
Liu, C. et al., 2013. A Fully Integrated Nanosystem of Semiconductor Nanowires for Direct Solar Water Splitting. Nano Letters, 13(6), pp.2989–2992.

",True,no,,,,Europe,,,,,,,Artificial forest,False,False,True,False,False,,
356,"Complete, no interview",,Commercially Available,,,,,,,,,,,,,True,"30 St Mary Axe ""The Gherkin""",Skyscraper.,False,Venus Flower Basket Sponge,The esthetic of the organism,True,Animalia,Invertebrates,Porifera,Organism,Organ System,Population,,False,,False,False,,https://www.nature.org/newsfeatures/,False,yes,,,,North America,,,,,,,"30 St Mary Axe ""The Gherkin""",False,False,False,False,True,,
357,"Complete, no interview",,In Development,,,,,,,,,,,Academia,Seoul National University,True,,Catapult mechanism that has applications to be used in jumping robots.,False,Flea jumping mechanism,Flea's elastic catapult mechanism - it is an active storage active release mechanism.,False,Animalia,Invertebrates,Arthropoda,Organ System,Organ,Organism,1.0,False,,True,False,,"Koh, J.-S. et al., 2013. Flea Inspired Catapult Mechanism with Active Energy Storage and Release for Small Scale Jumping Robot. In Proc. IEEE International Conference on Robotics and Automation. Available at: http://biorobotics.snu.ac.kr/papers/ICRA2013_flea_0214_Final.pdf [Accessed July 10, 2013].",,no,,,,Europe,,,,,,,Flea jumping mechanism-inspired design,False,False,True,False,False,,
358,"Complete, no interview",,In Development,,,,,,,,,,,Academia,"Harvard University

The University of Tokyo",True,,"Artificial butterfly wings fabricated to test hypothesis that ""the flight of swallowtail butterflies is realized with simple flapping, requiring little feedback control of the feathering angle"". Priciples have applications for future aerodynamic systems.",False,Swallowtail butterfly flight,,False,Animalia,Invertebrates,Arthropoda,Organ System,Organ,Organism,2.0,False,,True,False,,"Tanaka, H. & Shimoyama, I., 2010. Forward flight of swallowtail butterfly with simple flapping motion. Bioinspiration & biomimetics, 5(2), p.026003.",,no,,,,Asia,,,,,,,Swallowtail butterfly flight-inspired design,False,True,True,False,False,,
359,"Complete, no interview",,In Development,,,,,,,,,,,Academia,"Empa, Swiss Federal Laboratories for Material Testing and Research

ETH, Swiss Federal Institute of Technology",True,,Fish-like airship with movement controlled by undulating hull and caudal fin using dielectric elastomers.,True,Fish (Rainbow trout) movement.,Undulating movement of fish.,False,Animalia,Chordates,Chordata,Organism,Organ System,Population,2.0,False,,True,False,,"Jordi, C., Michel, S. & Fink, E., 2010. Fish-like propulsion of an airship with planar membrane dielectric elastomer actuators. Bioinspiration & biomimetics, 5(2), p.026007.",,no,,,,Asia,,,,,,,,False,True,True,False,False,,
360,"Complete, with interview",,In Development,2000.0,2000,,2010.0,2010,,,,,True,Academia,"University of Guelph

University of British Columbia",True,,Synthetic fibres for use in textile manufacturing.,False,Hagfish slime,Hagfish slime proteins assembly and sustainable properties,True,Animalia,Chordates,Chordata,Tissue,Cell,Organ,1.0,False,,True,False,Biology to Design,https://newscenter.lbl.gov/news-releases/2013/05/16/artificial-forest-for-solar-water-splitting/,,no,,,,Europe,,,,,,,,False,True,False,False,False,,
361,"Complete, with interview",,In Development,2003.0,2003,,2006.0,2006,,,,,,Academia,"National University of Defense Technology
Nanyang Technological University",True,RoboGnilos,Robotic fin for underwater propulsion.,True,Gymnarchus niloticus,Undulatory fin swimming motion of Gymnarchus niloticus.,False,Animalia,Chordates,Chordata,Organ,Tissue,Organ System,1.0,False,,True,False,Biology to Design,"Hu, T., Shen, L. & Low, K.H., 2009. Bionic asymmetry: from amiiform fish to undulating robotic fins. Chinese Science Bulletin, 54(4), pp.562–568.",,no,,,,North America,,,,,,,RoboGnilos,False,True,False,False,False,,
362,"Complete, with interview",,No longer in development,2010.0,2010,,2011.0,2011,,2012.0,2012,,,Academia,Biomimicry Europa (ceased activities),,Life Saving Trees,"Reforestation program in Haiti, India and Columbia.",False,Forest ecosystems,"""trees which are able to fertilze the ground, allowing for better crops under their shade, while restoring biodiversity and feeding the populations planting them, AND storing carbon in the soil for up to 100 000 years!""
""in a biomimetic fashion, the program is also inspired by forest ecosystems, thriving to install “closed-loops” models of agriculture which allow the systems to be permanently self-enriching, without sustained inputs from outside. This aims to invert the cycles of soil degradation, biodiversity loss, water tables exhaustion, and the resulting endebtment, deepening poverty and malnutrition they bring about.""",True,Plantae,Plants,,Organism,Organ System,Population,,True,Oxalogenous tree,False,True,,https://www.biomimicry.eu/en/,True,yes,,,,Asia,,,,,,,Life Saving Trees,False,False,False,False,True,,
363,"Complete, no interview",,In Development,,,,,,,,,,,,,True,Quadrofoil,Electric powered water scooter with undrwater wings.,True,Humpback whale fin,Tubercles on leading edge of humpback whale flippers.,False,Animalia,Chordates,Chordata,Organ,Tissue,Organ System,1.0,False,,True,False,Biology to Design,https://newatlas.com/quadrofoil-electric-hydrofoil-watercraft/22560/,True,yes,,,,Europe,,,,,,,Quadrofoil,False,True,False,False,False,,
364,"Complete, no interview",,In Development,,,,,,,,,,,Academia,Jilin University,True,,Stubble-cutting disc.,False,Mole Rat (Scaptochirus moschatus) digging,Profile curves of the mole rat claw toe that is used for digging.,False,Animalia,Chordates,Chordata,Organ,Tissue,Organ System,1.0,False,,True,False,Biology to Design,"Li, M. et al., 2013. Biomimeitc Design of a Stubble-Cutting Disc Using Finite Element Analysis. Journal of Bionic Engineering, 10(1), pp.118–127.",,no,,,,Europe,,,,,,,,False,True,False,False,False,,
365,"Complete, with interview",,In Development,2012.0,2012,,,,,,,,,Academia,University of Toronto,True,Nature Inspired Removal of Air Entrained in Water,Removes air from water pipes with greater efficiency.,False,Fish gills,Mimics the shape of fish gills - water passes over a membrane that the air can pass through but that the water cannot.,True,Animalia,Chordates,Chordata,Organ,Tissue,Organ System,1.0,False,,True,False,,https://www.triplepundit.com/,True,yes,,,,Asia,,,,,,,Nature Inspired Removal of Air Entrained in Water,False,True,False,False,False,,
366,"Complete, with interview",,In Development,2012.0,2012,,2013.0,2013,,,,,,Academia,Artesis College Antwerp,True,Wakati,Evaporative cooler for fruits and vegetables (reduces food waste).,False,Various organisms from honey bees to bird eggs,i.e. Mimics the behaviour of honey bees to circulate water throughout their hive by circulating air over a wet cloth in a cooler.,True,Animalia,Invertebrates,Arthropoda,Population,Organism,Community,1.0,False,,True,False,Biology to Design,https://www.triplepundit.com/,,no,,,,North America,,,,,,,Wakati,False,False,True,False,False,,
367,"Complete, no interview",,Concept,,,,,,,,,,,Academia,Pontificia Universidad Católica de Chile,True,Atacama - Fog-Farming Dynamic System,"""Our proposal is a set of rules that interact with each other, allowing the farmer to create the pattern for efficient fog collecting and cultivate plants through a mobile farming system.""",False,Tillandsia landbeckii,"""The plant develops a self-organizing banded pattern that allows increasing the water catchment and its biomass compared to an homogeneous development. The banded pattern system of the plant is an interaction between the fog, slope and plant loss. This added to its rootless condition creates a narrow stripe-like parallel pattern with different wavelengths which depends on the mentioned parameters. """,True,Plantae,Plants,Anthophyta,Tissue,Cell,Organ,1.0,False,,True,True,Biology to Design,https://www.triplepundit.com/,,yes,,"https://www.uc.cl/en/news/transforming-fog-into-water-in-the-worlds-driest-desert/#:~:text=In%20minutes%2C%20the%20blue%20sky,about%20fog%20catchers%20on%2Dsite.",,Europe,,,,,,,Atacama - Fog-Farming Dynamic System,False,False,False,True,False,,
368,"Complete, no interview",,In Development,,,,,,,,,,,Academia,The Chinese University of Hong Kong,True,Treebot,"Autonomous, flexible, tree-climbing robot applications for monitor (with camera) forests.",False,Catepillar,Catepillar climbing in trees.,False,Animalia,Invertebrates,Arthropoda,Organism,Organ System,Population,0.0,False,,True,True,Biology to Design,"Lam, T.L. & Xu, Y., 2011. Treebot: Autonomous tree climbing by tactile sensing. In 2011 IEEE International Conference on Robotics and Automation (ICRA). 2011 IEEE International Conference on Robotics and Automation (ICRA). pp. 789–794.
http://www.youtube.com/watch?v=zmqDePXM89Y",,no,,,,South America,,,,,,,Treebot,True,False,False,False,False,,
369,"Complete, with interview",,In Development,2012.0,2012,,2012.0,2012,,,,,,Academia,"University of Pennsylvania, GRASP Lab",True,,Talon-like gripper for unmanned aerial vehicle.,False,Eagle behaviour,Eagle's ability to sweep claws behind when it is catching prey to avoid slowing down.,False,Animalia,Chordates,Chordata,Organ System,Organ,Organism,1.0,False,,True,False,,https://www.newscientist.com/article/,True,no,,,,Asia,,,,,,,,False,False,True,False,False,,
370,"Complete, no interview",,In Development,,,,,,,,,,,Academia,"Harvard University, Wyss Institute  and School of Engineering and Applied Sciences (SEAS)",True,,"Liquid-infused elastic porous surface ""a new kind of adaptive material with tunable transparency and wettability features""",False,Tears,"""The new material was inspired by dynamic, self-restoring systems in Nature, such as the liquid film that coats your eyes. Individual tears join up to form a dynamic liquid film with an obviously significant optical function that maintains clarity, while keeping the eye moist, protecting it against dust and bacteria, and helping to transport away any wastes""",False,Animalia,Chordates,Chordata,Molecule,,Organelle,1.0,False,,True,False,Biology to Design,https://wyss.harvard.edu/viewpressing-innovation/,False,no,,,,North America,,,,,,,,False,False,True,False,False,,
371,"Complete, no interview",,Concept,,,,,,,,,,,Industry,Honda,True,The Intelligent Horse,"""uses artificial intelligence to develop the personality of the car into a cross between a personal assistant and the rider/driver's companion, with presumably quite a few autonomous and semi-autonomous technologies which sense the environment and make decisions based on what it perceives.""",True,Horse,,False,Animalia,Chordates,Chordata,Organism,Organ System,Population,,False,,False,False,,https://newatlas.com/honda-uni-cub/24892/,True,no,,,,North America,,,,,,,The Intelligent Horse,False,False,False,False,True,,
372,"Complete, no interview",,Commercially Available,,,,,,,,,,,,,True,Burke Brise Soleil Sunscree at Milwaukee Art Museum,Art Museum.,False,Butterfly Wings,The esthetic of the organism,True,Animalia,Invertebrates,Arthropoda,Organ,Tissue,Organ System,,False,,False,False,,https://www.nature.org/newsfeatures/,False,yes,,,,Asia,,,,,,,Burke Brise Soleil Sunscree at Milwaukee Art Museum,False,False,False,False,True,,
373,"Complete, no interview",,In Development,,,,,,,,,,,Academia,"The University of Adelaide, Discipline of Physiology, School of Molecular and Biomedical Science",True,,"""The researchers’ algorithm is composed of a series of five equations through which data from cameras can be run. Each equation represents tricks used by fly circuits to handle changing levels of brightness, contrast and motion, and their parameters constantly shift in response to input. """,False,Fly,"""In order to make smaller flying robots, researchers would like to find a simpler way of processing motion. Inspiration has come from the lowly fly, which uses just a relative handful of neurons to maneuver with extraordinary dexterity. """,False,Animalia,Invertebrates,Arthropoda,Cell,Organelle,Tissue,1.0,False,,True,False,Biology to Design,https://www.wired.com/wiredscience/,False,no,,,,,,,,,,,,False,False,True,False,False,,
374,"Complete, no interview",,In Development,,,,,,,,,,,Academia,Northwestern University,True,GhostBot,Underwater robot.,False,Black ghost knifefish,"""copies the real fish’s undulating, ribbon-like ventral fin to propel itself through the water. """,False,Animalia,Chordates,Chordata,Organ,Tissue,Organ System,1.0,False,,True,False,Biology to Design,https://www.wired.com/wiredscience/,False,no,,,,Oceania,,,,,,,GhostBot,False,False,True,False,False,,
375,"Complete, no interview",,In Development,,,,,,,,,,,Academia,"University of California, Department of Ecology and Evolutionary Biology",True,,Microfabrication that can trap bedbugs.,False,Bean leaves,Mimimcs the trichomes on leaves that impale and trap bedbug feet.,False,Plantae,Plants,Anthophyta,Tissue,Tissue,Organ,1.0,False,,True,False,Biology to Design,https://www.wired.com/wiredscience/,False,no,,,,North America,,,,,,,,False,True,False,False,False,,
376,"Complete, no interview",,In Development,,,,,,,,,,,,,,3D Compass,,False,Migratory birds,,False,Animalia,Chordates,Chordata,,,,,False,,False,False,,"Copy of Poster in Dropbox
http://www.polynet.dk/bionik/3D-kompas_poster.pdf
http://www.polynet.dk/bionik/index.html",,no,,,,North America,,,,,,,3D Compass,False,False,False,False,True,,
377,"Complete, no interview",,In Development,,,,,,,,,,,,,,RughJumper,,False,Kangaroo,,False,Animalia,Chordates,Chordata,Organ,Tissue,Organ System,1.0,False,,True,False,Biology to Design,"Copy of Poster in Dropbox
http://www.polynet.dk/bionik/RughJumper_poster.pdf
http://www.polynet.dk/bionik/index.html",,no,,,,,,,,,,,RughJumper,False,True,False,False,False,,
378,"Complete, no interview",,"Discontinued, was Commercially Available",,,,,,,,,,,,,True,The Crystal Palace,Greenhouse.,False,Lilly pad,The esthetic of the leaf,False,Plantae,Plants,Anthophyta,Organism,Organ System,Population,,False,,False,False,,https://www.scq.ubc.ca/biomimicry/,True,yes,,,,Europe,,,,,,,The Crystal Palace,False,False,False,False,True,,
379,"Complete, no interview",,Commercially Available,,,,,,,,,,,,,True,Eiffel Tower,Entrance arch to the 1889 World's Fair.,False,Bones,Mimics the form to distribute stress,False,Animalia,Chordates,Chordata,Organ,Tissue,Organ System,1.0,False,,True,False,Biology to Design,https://www.greenbiz.com/blog/,False,yes,,,,Europe,,,,,,,Eiffel Tower,False,True,False,False,False,,
380,"Complete, no interview",,Commercially Available,2002.0,2002,,2004.0,2004,,2008.0,2008,,,Industry,Herzog & de Meuron,True,Beijing National Stadium,Stadium designed for 2008 Olympics and Paralymipics.,False,Bird's Nest,The esthetic of the organism,False,Animalia,Chordates,Chordata,,,,,False,,False,False,,https://www.nature.org/newsfeatures/,False,yes,,,,Europe,,,,,,,Beijing National Stadium,False,False,False,False,True,,
381,"Complete, no interview",,Commercially Available,,,,,,,,,,,,,True,Oklahoma City's SkyDance Bridge,Bridge.,False,Scissor-tailed flycatcher,The esthetic of the organism,False,Animalia,Chordates,Chordata,Organism,Organ System,Population,,False,,False,False,,https://www.nature.org/newsfeatures/,False,yes,,,,Asia,,,,,,,Oklahoma City's SkyDance Bridge,False,False,False,False,True,,
382,,,Commercially Available,,,,,,,,,,False,Industry,BioPower Systems,,bioWAVE,Wave power system.,False,Mimicking the physical characteristics of sea plants and how they move to create a product that could withstand large amounts of force from the ocean.,Underwater flora movement,True,Protista,Plants,Chlorophyta,Organism,Population,Community,1.0,False,,,True,Biology to Design,https://openei.org/wiki/PRIMRE/Databases/Projects_Database/Devices/BioPower_Systems_bioWAVE,,Yes,,Biomimicry,,,,,,,,,bioWAVE,False,True,False,False,False,,
383,,,In Development,,,,,,,,,,False,Industry,Becton Dickenson and Company,,,Amorphous silica nano-capsules. Product embeds glucose-binding proteins within an amorphous silica sol-gel matrix to stabilize and protect the proteins.,True,Formation of amorphous silica by diatoms to bind biomolecules.,Diatoms,False,Protista,Other,Heterokontophyta,Cell,Organelle,Organism,1.0,False,,,True,Biology to Design,https://asknature.org/strategy/needle-like-structure-inserts-painlessly/; https://www.bd.com/en-ca,,No,,,,,,,,,,,,False,False,True,False,False,,
384,,,Commercially Available,,,,,,,,,,True,Industry,Teledyne Scientific Company; University of California Los Angeles,,,Viscous layer that has continuous self-shedding capabilities and chemically breaks up fouling material.,False,Gel coating surface on Delphinidae skin specifically the hydrolytic enzyme that initiates a desquamation process.,Pilot whale skin Delphinidae skin in general,False,Animalia,Chordates,Chordata,Organ,Tissue,Organism,1.0,False,,,True,Biology to Design,Ganguli R. Mehrotra V. & Dunn B. 2009. Bioinspired living skins for fouling mitigation. Smart Materials and Structures 18(10) p.104027.,,Yes,,Biomimetic,,,,,,,,,,False,False,True,False,False,,
385,,,In Development,,,,,,,,,,False,Academia,University of California San Diego; University of Arizona,,,Accelerated antibiotic and biomolecule synthesis.,False,Chemical synthesis pathway of a natural antibiotic produced by a Hawaiian sea sediment bacterium.,Sea sediment bacterium,False,Monera,Other,Actinobacteria,Cell,Organelle,Organism,1.0,False,,,True,Biology to Design,https://pharmacy.ucsd.edu/faculty/moore,,No,,,,,,,,,,,,,,,,False,,
386,,,Commercially Available,,,,,,,,,,True,Industry,Aquaporin,,Aquaporin Inside Technology (AIT),Aquaporin membrane technology used to filter and purify water.,False,Water filtration membranes that use aquaporins.,Aquaporins,True,Animalia,Chordates,Chordata,Organelle,Molecule,Cell,,True,Aquaporins,,False,Biology to Design,https://aquaporin.com/technology/,,Yes,,Biomimetic,,,,,,,,,Aquaporin Inside Technology (AIT),True,False,False,False,False,,
387,,,In Development,,,,,,,,,,False,Academia,University of Southern Mississippi School of Polymers and High Performance Materials,,,Artificial cilia copolymer film that has thermal chemical and electromagnetic sensing abilities.,False,Artificial cilia involved in particle movement sensing and motility.,Cilia,False,Animalia,Invertebrates,Arthropoda,Organelle,Molecule,Cell,0.0,False,,,True,Biology to Design,https://cecas.clemson.edu/urbanresearch/; Liu F. Ramachandran D. & Urban M.W. 2010. Colloidal Films That Mimic Cilia. Advanced Functional Materials 20(18) pp.3163-3167.,,Yes,,Mimic,,,,,,,,,,False,True,True,False,False,,
388,,,In Development,,,,,,,,,,False,Academia,Jiao Tong University State Key Laboratory of Metal Matrix Composites,,,Artificial inorganic leaf for hydrogen fuel and solar energy production.,False,Mimicking the nanostructure of green leaves to copy the process of photosynthesis.,Green leaves,True,Plantae,Plants,Anthophyta,Cell,Organelle,Tissue,2.0,True,Anemone vitifoliis,,True,Biology to Design,https://en.smse.sjtu.edu.cn/research_detail/317; Zhou H. et al. 2010. Artificial inorganic leafs for efficient photochemical hydrogen production. Advanced Materials 22(9) pp.951-956.,,Yes,,Biomimetic,,,,,,,,,,False,False,True,False,False,,
389,,,In Development,,,,,,,,,,True,Industry,Nanotope,,,Artificially directed biomineralization of bone nanostructure.,False,Biomolecules called peptide amphiphiles mimic the way natural collagen scaffold helps to guide bone formation.,Bone formation,False,Animalia,Chordates,Chordata,Tissue,Cell,Organism,1.0,False,,,True,Design to Biology,https://chemistry.northwestern.edu/people/faculty/profiles/samuel-stupp.html; Palmer L.C. et al. 2008. Biomimetic systems for hydroxyapatite mineralization. Chemical reviews 108(11) p.4754.,,No,,,,,,,,,,,,True,False,False,False,False,,
390,,,In Development,,,,,,,,,,False,Academia,University of Toronto Department of Chemistry,,,Autocatalytic polymerization.,False,,,False,,,,Cell,,,0.0,False,,,True,,https://www.chem.utoronto.ca/ppl/faculty_profile.php?id=52,,No,,,,,,,,,,,,False,False,True,False,False,,
391,,,Commercially Available,,,,,,,,,,False,Industry,Baelen Filters,,Baelen Filters,Non-pressurized self-cleaning water filtration.,False,Mimics counter flow cleaning technique of whales to clean baleen.,Baleen whales Mysticeti technique for cleaning baleen,False,Animalia,Chordates,Chordata,Organ System,Organ,Organism,1.0,False,,,True,Biology to Design,https://www.baleenfilters.com/product.html,,No,,,,,,,,,,,Baelen Filters,True,False,False,False,False,,
392,,,In Development,,,,,,,,,,False,Industry,BioPower Systems,,bioBASE,Mooring for wave energy devices.,False,Mimics the seabed holdfast mechanism used by large sea plants such as the giant kelp to distribute sea forces.,Sea plants Giant kelp Macrocystis pyrifera holdfast,True,Protista,Other,Heterokontophyta,Organ,Tissue,Organ System,0.0,False,,,True,Biology to Design,Not on company website yet as still in concept phase. Information gathered through patent and interview.,,No,,,,,,,,,,,bioBASE,,,,,False,,
393,,,Commercially Available,,,,,,,,,,False,Industry,Otsuka Chemical Company Ltd,,,Biofilm suppression compounds.,False,Using quorum-sensing inhibitors from plants and other organisms to break up biofilm colonies.,Plants and other organisms,True,Monera,Other,Proteobacteria,,,,,True,Quorum-sensing inhibitors from plants including cinnamon,,False,Biology to Design,www.otsukac.co.jp/en/products/,,No,,,,,,,,,,,,True,False,False,False,False,,
394,,,Commercially Available,,,,,,,,,,True,Industry,Floating Island International,,BioHaven Floating Islands,Floating islands that filter sediments and nutrients out of surface water.,False,Concentrates wetland plants and microbes on a fibrous matrix for water filtration mimicking natural wetland filtration.,Wetland filtration,True,Plantae,Plants,Anthophyta,Community,Population,Ecosystem,0.0,True,Native plants and microbes,,True,Biology to Design,https://www.floatingislandinternational.com/biohaven-technology.html,,Yes,,Biomimic,,,,,,,,,BioHaven Floating Islands,False,True,False,False,False,,
395,,,Commercially Available,,,,,,,,,,False,Academia,University of Kiel; Max Planck Institute for Metals Research,,,Adhesive tape.,False,Mimics the hairy adhesiveness of insect appendages.,Insect appendages,False,Animalia,Invertebrates,Arthropoda,Tissue,Cell,Organ,1.0,False,,,True,Biology to Design,https://www.mpg.de/532553/pressRelease20060113; https://newatlas.com/bioinspired-adhesive-tape-kiel/20406/,,Yes,,Biomimetic,,,,,,,,,,False,True,False,False,False,,
396,,,In Development,,,,,,,,,,False,Academia,"University of Utah, College of Engineering",,,Medical adhesive.,False,Glue that mimics the proteins of a bioglue from sandcastle worm.,Sandcastle worm Phragmatopoma californica glue,False,Animalia,Invertebrates,Annelida,Molecule,Organelle,,1.0,False,,,True,,https://www.bme.utah.edu/profile/?unid=u0030696,,Yes,,Biomimetic,,,,,,,,,,True,False,False,False,False,,
397,,,Commercially Available,,,,,,,,,,False,Industry,Biomatrica Inc (acquired by Exact Sciences 2018),,SampleMatrix,Stabilizes and protects biological materials at room temperature.,False,Mimics the ability of organisms such as the brine shrimp to remain in a dried state for prolonged periods without damage.,Brine shrimp Artemia Resurrection fern spikemoss Selaginellaceae Tardigrades,False,Animalia,Invertebrates,Arthropoda,Organism,Organ System,Population,0.0,False,,,True,Biology to Design,https://www.sigmaaldrich.com/US/en/technical-documents/technical-article/genomics/dna-and-rna-purification/biomatrica,,No,,,,,,,,,,,SampleMatrix,False,True,False,False,False,,
398,,,Commercially Available,,,,,,,,,,False,Industry,Veryan Medical,,BioMimics 3D Stent,Stent with helical shape transposed onto a traditional straight stent.,False,Mimics the natural shape and geometry of the human vascular system that contributes to efficient blood flow through arteries.,Human vascular system,False,Animalia,Chordates,Chordata,Organ System,Organ,Organism,1.0,False,,,True,Biology to Design,https://veryanmed.com/biomimics-3d-vascular-stent-system/,,Yes,,Biomimic,,,,,,,,,BioMimics 3D Stent,True,False,False,False,False,,
399,,,In Development,,,,,,,,,,False,Academia,Lawrence Berkeley National Laboratory,,,"Biosensor mimics cell receptors and undergoes a colour change when the membrane is disrupted. Can be used as a test for influenza, E. coli, cholera toxin, biocatalyts and antibody presence.",,Sensor made from interlocking artificial hairs inspired by beetle wing-locking structures microtrichia.,Beetle wing microtrichia,False,Animalia,Invertebrates,Arthropoda,Cell,Organelle,Organism,1.0,False,,,True,Biology to Design,Song X. et al. 2002. Smart Materials for Biosensing Devices: Cell-Mimicking Supramolecular Assemblies. Biomedical Microdevices 4(3) pp.213-221.,,,,,,,,,,,Biology to,Biology to Design,,False,True,False,False,False,,
400,,,In Development,,,,,,,,,,False,Academia,"University of California, Santa Barbara, Plaxco Group",,,Biosensors for medical diagnostics that can detect precise concentrations of test substances.,,Mimicking the way a leaf is shaped in order to collect more water.,Deciduous tree leaf,False,Plantae,Plants,Anthophyta,Cell,Organelle,Organism,1.0,False,,,True,Biology to Design,https://plaxcolab.chem.ucsb.edu/; Vallee-Belisle A. & Plaxco K.W. 2010. Structure-switching biosensors. Current opinion in structural biology 20(4) pp.518-526.,,,,,,,,,,,Biology to,Biology to Design,,True,False,False,False,False,,
401,,,In Development,,,,,,,,,,False,Academia,Brown University,,,"Robotic bat wing made with plastic bones and 3D printer skin, possibilities for small aircrafts.",,Copying the nanostructure of moth eyes. Nanostructures that utilize an array of circular protrusions.,Moth eye,False,Animalia,Invertebrates,Arthropoda,Organism,Organ,Population,1.0,False,,,True,Biology to Design,https://www.treehugger.com/biomimicry/3d-printed-robotic-bat-wing-holds-new-possibilities-small-aircrafts.html; Bahlman J.W. Swartz S.M. & Breuer K.S. 2013. Design of a multi-articulated robotic bat wing. Bioinspiration & Biomimetics 8(1) p.016009.,,,,,,,,,,,Biology to,Biology to Design,,False,True,False,False,False,,
402,,,In Development,,,,,,,,,,False,Industry,BioPower Systems,,bioSTREAM,Power production from tidal currents.,,Cells encapsulating enzymes in membrane-bound vesicles mimicking mitochondria energy conversion.,Mitochondria energy conversion,True,Animalia,Chordates,Chordata,Cell,Organelle,Organism,1.0,False,,,True,Biology to Design,https://www.biopowersystems.com/biostream.html,,,,,,,,,,,Biology to,Biology to Design,bioSTREAM,False,True,False,False,False,,
403,,,In Development,,,,,,,,,,False,Industry,The Procter and Gamble Company,,,Biosynthesis of silicone polymers.,,Mimics hierarchical organization in nature using convergence of top-down microfabrication and bottom-up nanoassembly.,Human cells,False,Animalia,Chordates,Chordata,Cell,Organelle,Tissue,1.0,False,,,True,Biology to Design,https://asknature.org/innovation/biosynthesis-of-silicone/; https://www.pg.com,,,,,,,,,,,Biology to,Biology to Design,,False,False,True,False,False,,
404,,,Commercially Available,,,,,,,,,,False,Academia,"National Institute of Health, National Institute of Dental and Craniofacial Research",,,Bone regrowth implants.,,Modems continuously spread signal energy over a wide range of frequencies mimicking dolphin and whale communication.,Dolphin and whale communication,False,Animalia,Chordates,Chordata,Organ,Tissue,Organism,1.0,False,,,True,Biology to Design,Chang M.C. Ko C.-C. & Douglas W.H. 2003. Preparation of hydroxyapatite-gelatin nanocomposite. Biomaterials 24(17) pp.2853-2862.,,,,,,,,,,,Biology to,Biology to Design,,False,False,True,False,False,,
405,,,In Development,,,,,,,,,,False,Academia,Instituto Politecnico de Leiria,,Bubble net,Bubble net fish catching system.,,Tiny divots create a layer of turbulent air over the surface reducing drag similar to shark skin denticles.,Shark skin,True,Animalia,Chordates,Chordata,Organism,Organ,Population,1.0,False,,,True,Biology to Design,https://www.promarbiomimetix.com/,,,,,,,,,,,Biology to,Biology to Design,Bubble net,False,True,False,False,False,,
406,,,In Development,,,,,,,,,,False,Academia,"University of Cambridge, NanoPhotonics Centre",,,Butterfly wing scale photonics that have the potential for being used in security printing.,,Mimics the silent flight of owls by copying the serrated feather structure.,Owl feather,False,Animalia,Chordates,Chordata,Organism,Organ,Population,1.0,False,,,True,Biology to Design,https://www.cam.ac.uk/research/news/how-butterflies-wings-could-cut-bank-fraud; Kolle M. et al. 2010. Mimicking the colourful wing scale structure of Papilio blumei. Nature Nanotechnology 5(7) pp.511-515.,,,,,,,,,,,Biology to,Biology to Design,,False,True,False,False,False,,
407,,,In Development,,,,,,,,,,False,Academia,"Shanghai Jiaotong University, Research Institute of Composite Materials",,,Butterfly-inspired solar surface.,,Spiral demonstrates efficient packing found in nature such as in Fibonacci spirals.,Fibonacci-inspired spiral pattern,True,Plantae,Plants,Anthophyta,Organism,Organ,Population,1.0,False,,,True,Biology to Design,https://www.chemistryworld.com/news/butterfly-wings-inspire-solar-cell-design/3004940.article; Zhang W. et al. 2009. Novel Photoanode Structure Templated from Butterfly Wing Scales. Chemistry of Materials 21(1) pp.33-40.,,,,,,,,,,,Biology to,Biology to Design,,False,True,False,False,False,,
408,,,Commercially Available,,,,,,,,,,False,,Amylin Pharmaceuticals Inc,,Byetta Exenatide Injection,Synthetic hormone injection to improve blood sugar control in adults with type 2 diabetes.,,Geometric arrangement based on the configuration of shed vortices in the wake of schooling fish.,Schools of fish,False,Animalia,Chordates,Chordata,Community,Population,Ecosystem,1.0,False,,,True,Biology to Design,https://www.azpicentral.com/byetta/byetta.pdf; Furman B.L. 2012. The development of Byetta (exenatide) from the venom of the Gila monster. Toxicon 59(4) pp.464-471.,,,,,,,,,,,Biology to,Biology to Design,Byetta Exenatide Injection,False,False,True,False,False,,
409,,,Commercially Available,,,,,,,,,,False,,Calera,,Supplementary Cementitious Material,Mineralization via Aqueous Precipitation (MAP) cement-making process.,,Tubercles on leading edge of humpback whale flippers increase lift and reduce drag.,Humpback whale flipper,False,Animalia,Chordates,Chordata,Organism,Organ,Population,1.0,False,,,True,Biology to Design,https://earthsky.org/human-world/brent-constantz-builds-cement-like-coral-do/,,,,,,,,,,,Biology to,Biology to Design,Supplementary Cementitious Material,False,True,False,False,False,,
410,,,In Development,,,,,,,,,,False,Academia,"Karlsruhe Research Centre, Institute for Materials Research",,CAO and SKO design software,"Engineering design software used to design products that are strong yet lightweight, such as car parts.",,Surface texture of shells of tenebrionid Stenocara beetles with hydrophilic bumps and hydrophobic troughs to collect water.,Shells of tenebrionid Stenocara beetles,True,Animalia,Invertebrates,Arthropoda,Organism,Organ,Population,1.0,False,,,True,Biology to Design,https://www.kit.edu/kit/english/pi_2010_1240.php,,,,,,,,,,,Biology to,Biology to Design,CAO and SKO design software,False,True,False,False,False,,
411,,,In Development,,,,,,,,,,False,Academia,,,,Capillary faucets.,,Namibian desert beetle shell surface texture used for fog harvesting mesh.,Shells of tenebrionid Stenocara beetles,False,Animalia,Invertebrates,Arthropoda,Organism,Organ,Population,1.0,False,,,True,Biology to Design,https://campusweb.cofo.edu/ICS/icsfs/mm/biomechanics-of-water-flow.html,,,,,,,,,,,Biology to,Biology to Design,,False,True,False,False,False,,
412,,,In Development,,,,,,,,,,False,Academia,Intelligent Polymer Research Institute,,,Carbon Nanotube Artificial Muscle.,,Marine Adhesive Proteins MAPs from blue mussel used to create water-resistant wood adhesive.,Blue mussel Mytilus edulis adhesive,False,Animalia,Invertebrates,Mollusca,Organism,Organ,Population,1.0,False,Mytilus edulis,,True,Biology to Design,https://www.uow.edu.au/research/our-research/research-institutes-and-facilities/australian-institute-for-innovative-materials/ipri/; Lima et al. 2012. Electrically Chemically and Photonically Powered Torsional and Tensile Actuation of Hybrid Carbon Nanotube Yarn Muscles. Science.,,,,,,,,,,,Biology to,Biology to Design,,False,False,True,False,False,,
413,,,Commercially Available,,,,,,,,,,False,Industry,BigSky Technologies LLC,,GreenShield fabric finish,Oil-repellant water-repellant and stain-repellant fabric finish for use in commercial automotive and hospitality industries.,,Various processing companies use each others residual or by-products mutually mimicking symbiosis.,Symbiosis various organisms,True,Fungi,Fungi,,Community,Organism,Ecosystem,1.0,True,,,True,Biology to Design,https://www.mushroompackaging.com/,,,,,,,,,,,Biology to,Biology to Design,GreenShield fabric finish,False,False,True,False,False,,
414,,,Commercially Available,,,,,,,,,,True,Industry,AquaPro,,Groasis waterboxx,Box that serves as an incubator for trees during early development.,,Artificial Golgi apparatus capable of mimicking the cellular organelles ability to synthesize complex organic molecules.,Golgi apparatus,True,Animalia,Chordates,Chordata,Cell,Organelle,Tissue,2.0,False,,,True,Biology to Design,Goff A.L. et al. 2009. From Hydrogenases to Noble Metal-Free Catalytic Nanomaterials for H2 Production. Science 326(5958) pp.1384-1387.,,,,,,,,,,,Biology to,Biology to Design,Groasis waterboxx,False,True,False,False,False,,
415,,,In Development,,,,,,,,,,False,Academia,Massachusetts Institute of Technology,,,Heliotrope sun-tracking system. A passive solar panel that measures temperature difference between shaded and sunlit areas.,,Mimics the hierarchical structure of a tree.,Tree hierarchical structure,False,Plantae,Plants,Anthophyta,Organism,Organ,Population,1.0,False,,,True,Biology to Design,Pang C. et al. 2012. A flexible and highly sensitive strain-gauge sensor using reversible interlocking of nanofibres. Nature Materials 11(9) pp.795-801.,,,,,,,,,,,Biology to,Biology to Design,,False,True,False,False,False,,
416,,,In Development,,,,,,,,,,False,Industry,Decker Yeadon,,,Homeostatic facade system.,,Mimics grasshopper neurological collision avoidance.,Grasshoppers neurological collision avoidance,False,Animalia,Invertebrates,Arthropoda,Organism,Organ,Population,1.0,False,,,True,Biology to Design,https://asknature.org/product/8cb076fafce8b95b379adc020d7ed705,,,,,,,,,,,Biology to,Biology to Design,,False,True,True,False,False,,
417,,,In Development,,,,,,,,,,False,Academia,Tel-Aviv University,,,A dye-sensitised solar panel using the pigment xanthopterin found in the Asian hornet to gather solar radiation.,,Mimics complex surface of a lotus leaf to repel water and dirt.,Lotus leaf,False,Plantae,Plants,Anthophyta,Organism,Organ,Population,1.0,False,,,True,Biology to Design,https://sites.google.com/site/yysnanophotonics/home,,,,,,,,,,,Biology to,Biology to Design,,False,True,False,False,False,,
418,,,Commercially Available,,,,,,,,,,False,Industry,Schaefer Ventilation,,HotZone radiant heater using IRLens,Spot heater that focuses radiant heat.,,Potentially mimicking the self-cleaning abilities of the lotus leaf.,Lotus leaf,True,Plantae,Plants,Anthophyta,Organism,Organ,Population,1.0,False,,,True,Biology to Design,https://sites.mst.edu/shelleyminteer/; C. Fischer et al. 2011. Mitochondrial Biofuel Cells. Physical Chemistry Chemical Physics 13 86-92.,,,,,,,,,,,Biology to,Biology to Design,HotZone radiant heater using IRLens,False,False,True,False,False,,
419,,,In Development,,,,,,,,,,False,Academia,University of Akron,,,Humidity responsive fibers to be used in a biomimetic muscle.,,Mimics the dolphin tail for efficient swimming.,Dolphin tail,True,Animalia,Chordates,Chordata,Organism,Organ,Population,2.0,False,,,True,Biology to Design,https://www.sabinlab.com/eskin,,,,,,,,,,,Biology to,Biology to Design,,False,True,True,False,False,,
420,,,Commercially Available,,,,,,,,,,True,Academia,Sogang University,,,Humidity sensor.,,Sea cucumber skin Mutable Collagenous Tissue can change from stiff to nearly liquid as defense mechanism.,Sea cucumber and starfish tissue,False,Animalia,Invertebrates,Echinodermata,Organism,Organ,Population,1.0,False,,,True,Biology to Design,https://www.evologics.de/en/products/acoustics/Technology.html,,,,,,,,,,,Biology to,Biology to Design,,False,True,False,False,False,,
421,,,Commercially Available,,,,,,,,,,False,Academia,Harvard University Aizenberg lab,,,Hydrophobic de-icing.,,"Mimics mussel adhesive proteins DOPA L-3,4-dihydroxyphenylalanine for medical implant coating.",Mussel adhesive DOPA,True,Animalia,Invertebrates,Mollusca,Organism,Organ,Population,1.0,False,Mytilus edulis,,True,Biology to Design,https://www.greencarreports.com/news/1020616_covering-your-car-in-sharkskin-dimples-does-nothing-for-fuel-economy,,,,,,,,,,,Biology to,Biology to Design,,False,False,True,False,False,,
422,,,Commercially Available,,,,,,,,,,False,,InterfaceFLOR,,i2 Modular carpet,Carpet tiles featuring a random pattern and gradations of colors.,,Mimics the groups of cells that give electric eels their shocking capabilities for microbattery design.,Electric eel cells,True,Animalia,Chordates,Chordata,Cell,Organelle,Organism,1.0,False,,,True,Biology to Design,https://www.ziehl-abegg.com/us/fans.html,,,,,,,,,,,Biology to,Biology to Design,i2 Modular carpet,False,True,False,False,False,,
423,,,Commercially Available,,,,,,,,,,True,Industry,LIXIL Corporation,,INAX self-cleaning surface (Microguard),Exterior self-cleaning wall coating.,,Microfluidic assembly device mimicking the orb weaving spider spinning duct gland.,Orb weaving spider spinning duct gland,False,Animalia,Invertebrates,Arthropoda,Organism,Organ,Population,1.0,False,,,True,Biology to Design,https://asknature.org/innovation/efficient-showerhead-inspired-by-the-fibonacci-spiral/,,,,,,,,,,,Biology to,Biology to Design,INAX self-cleaning surface (Microguard),False,True,False,False,False,,
424,,,In Development,,,,,,,,,,False,Industry,Insect Biotechnology Inc,,,Insect repellant.,,Product mimics the layers of materials which protect a woodpeckers head during drumming behaviour.,Woodpecker shock absorption,False,Animalia,Chordates,Chordata,Community,Population,Ecosystem,1.0,False,,,True,Biology to Design,https://www.caltech.edu/about/news/schooling-fish-offer-new-ideas-wind-farming-1619; Whittlesey R.W. Liska S. & Dabiri J.O. 2010. Fish schooling as a basis for vertical axis wind turbine farm design. Bioinspiration & Biomimetics 5(3).,,,,,,,,,,,Biology to,Biology to Design,,False,False,True,False,False,,
425,,,Commercially Available,,,,,,,,,,False,Industry,Joinlock Pty Ltd,,Joinlox,Method of joining rigid or semi-rigid components.,,Mimics the lotus leaf self-cleaning properties due to lotus leaf nanostructure.,Lotus leaf,False,Plantae,Plants,Anthophyta,Organism,Organ,Population,1.0,False,,,True,Biology to Design,https://www.fluidearth.org/,,,,,,,,,,,Biology to,Biology to Design,Joinlox,False,True,False,False,False,,
426,,,Commercially Available,,,,,,,,,,False,Industry,Kalundborg Municipality and nearby industries,,Kalundborg Industrial Symbiosis,Mutual use of byproducts between various companies in a municipality.,,Lotus leaf superhydrophobicity and mushroom spore discharge powered by energy released when dew droplets merge.,Lotus leaf and mushrooms,False,Plantae,Plants,Anthophyta,Organism,Organ,Population,1.0,False,,,True,Biology to Design,https://www.qinetiq.com/,,,,,,,,,,,Biology to,Biology to Design,Kalundborg Industrial Symbiosis,False,True,False,False,False,,
427,,,Commercially Available,,,,,,,,,,False,Industry,Rensselaer Polytechnic Institute,,,Lab-on-chip pharmaceutical synthesis.,,Structure of butterfly wings and peacock feathers mimicked to produce vivid structural colours.,Butterfly wings and peacock feathers,False,Animalia,Invertebrates,Arthropoda,Organism,Organ,Population,1.0,False,,,True,Biology to Design,https://phys.org/news/2011-04-thick-air-refining-tools-techniques.html,,,,,,,,,,,Biology to,Biology to Design,,False,True,False,False,False,,
428,,,Commercially Available,,,,,,,,,,True,Industry,Khoji Psychological Tools,,LifeTree Psychological Tool,Psychological tool that helps with organizing behaviour.,,A robotic device mimics the autorotative capability of the samara maple seed.,Samara maple seed,False,Plantae,Plants,Anthophyta,Organism,Organ,Population,1.0,False,,,True,Biology to Design,https://www.columbiaforestproducts.com/purebond/,,,,,,,,,,,Biology to,Biology to Design,LifeTree Psychological Tool,False,True,False,False,False,,
429,,,In Development,,,,,,,,,,False,Academia,Hungarian Academy of Sciences; University of Newcastle upon Tyne; Volvo Car Corporation,,LOCUST visual collision detector,Object detection for collision avoidance using spatiotemporal image processing.,,Fibers coloured by structural colouration mimicking the mechanism of the South American Morpho butterfly wing.,South American Morpho butterfly wing,False,Animalia,Invertebrates,Arthropoda,Organism,Organ,Population,1.0,False,Morpho butterfly,,True,Biology to Design,https://www.nih.gov/news/pr/jul2007/nidcr-18.htm; https://biomaterials.bme.northwestern.edu/mussel.asp,,,,,,,,,,,Biology to,Biology to Design,LOCUST visual collision detector,False,True,False,False,False,,
430,,,Commercially Available,,,,,,,,,,False,Industry,Erlus,,ERLUS LOTUS Clay roof tiles,Lotus clay roofing tiles.,,Cooperative motion of needles imitating the mosquito proboscis motion.,Mosquito proboscis,False,Animalia,Invertebrates,Arthropoda,Organism,Organ,Population,1.0,False,,,True,Biology to Design,https://www.karplab.net/research/medical.html,,,,,,,,,,,Biology to,Biology to Design,ERLUS LOTUS Clay roof tiles,False,True,False,False,False,,
431,,,Commercially Available,,,,,,,,,,False,Industry,Sto Corp,,Lotusan paint,Exterior self-cleaning coating.,,Acrylic resin used to achieve moth eye patterning for anti-reflective properties.,Moth eye,False,Animalia,Invertebrates,Arthropoda,Organism,Organ,Population,1.0,False,,,True,Biology to Design,https://www2.lbl.gov/Science-Articles/Archive/sabl/2006/Jul/01.html,,,,,,,,,,,Biology to,Biology to Design,Lotusan paint,False,True,False,False,False,,
432,,,"Discontinued, was Commercially Available",,,,,,,,,,False,Industry,Zero Gravity,,Lunocet,Monofin.,,Mimics the nanostructures found on eyes of nocturnal moths to develop anti-reflective and anti-glare films.,Nocturnal moth eyes,False,Animalia,Invertebrates,Arthropoda,Organism,Organ,Population,1.0,False,,,True,Biology to Design,https://www.conceptkicks.com/design/sole-systems-006-the-natural-world,,,,,,,,,,,Biology to,Biology to Design,Lunocet,False,True,False,False,False,,
433,,,,2026.0,2026,,,,,,,,False,Academia,INECOA-CONICET/UNJu; CIEC/UNC; IMBIV/CONICET-UNC; INIBIOMA/CONICET-UNCo; UST Chile; Vrije Universiteit Amsterdam; Embrapa Forestry; GIEET/ICBIA/CONICET-UNRC,,Soil fauna and ecosystem functions: Current knowledge and future perspectives in Latin America,"Systematic literature review (388 studies, 1989-2024) assessing soil fauna, ecosystem functions and soil properties in Latin America. Analyzed geographical/biome distribution, taxonomic focus, scholarly networks, and relationships between soil fauna and ecosystem functions (litter decomposition, soil respiration, bioturbation, nutrient cycling) and soil properties.",False,"Soil macrofauna (earthworms, ants, beetles, termites) and mesofauna (mites, springtails) that perform ecosystem engineering, litter decomposition, nutrient cycling, and bioturbation functions",Earthworms; ants; beetles; mites; springtails; nematodes; spiders,True,Animalia,Invertebrates,Annelida,Organism,Population,Ecosystem,,False,"Earthworms (Crassiclitellata); Insects (Formicidae, Coleoptera, Isoptera); Acari; Collembola; Nematoda; Arachnida; Myriapoda",,False,,https://www.sciencedirect.com/science/article/pii/S0031405626000284,,,,,,,,,,,,,Soil fauna and ecosystem functions: Current knowledge and future perspectives in Latin America,True,False,False,False,False,,
434,"Complete, no interview",,In Development,2016.0,2016,,,,,,,,True,,Selecta Biosciences,True,TIB: Tolerance Inducing Biomaterials,Easily injectable biomaterial technology to induce and localize regulatory T cells to specific tissues for tissue regeneration with a focus on musculoskeletal diseases and injuries.,,Regulatory T cells; immune tolerance,Biomimics the localized immune tolerance mechanism of regulatory T cells in tissues,False,Animalia,Chordates,,Tissue,Cell,Organ,1.0,,,True,False,Biology to Design,https://wyss.harvard.edu/technology/tib-tolerance-inducing-biomaterials-for-regulatory-t-cells/,,,,,,,,,,,,,TIB: Tolerance Inducing Biomaterials,False,False,True,False,False,,
435,"Complete, no interview",,In Development,2022.0,2022,,,,,,,,False,,,True,PFASense,Next-generation environmental biosensor tool combining engineered protein sensors with portable electrochemical device for real-time detection of toxic PFAS 'forever chemicals' in water supplies.,,Engineered protein biosensors,Bioutilizes engineered protein sensors that mimic natural molecular recognition,True,Animalia,Chordates,,Organelle,Molecule,Cell,1.0,,,True,False,Biology to Design,https://wyss.harvard.edu/technology/pfasense-fast-in-field-testing-for-forever-chemicals/,,,,,,,,,,,,,PFASense,False,False,True,False,False,,
436,"Complete, no interview",,In Development,2022.0,2022,,,,,,,,False,,,True,NeoSense,Saliva-based diagnostic test for sepsis detection in newborns using advanced single-molecule detection and AI to eliminate need for blood samples.,,Single-molecule biological detection,Bioutilizes biological single-molecule detection principles from cells,False,Animalia,Chordates,,Organelle,Molecule,Cell,1.0,,,True,False,Biology to Design,https://wyss.harvard.edu/technology/neosense-sepsis-detection-in-newborns/,,,,,,,,,,,,,NeoSense,False,False,True,False,False,,
437,"Complete, no interview",,In Development,2023.0,2023,,,,,,,,False,,,True,ENDOx,"Precision nanomedicine platform for diagnosis and treatment of endometriosis, targeting the abnormal endometrial tissue growth outside the uterus.",,Nanomedicine targeted delivery,Bioinspired targeted nanoparticle delivery mimicking biological targeting,False,Animalia,Chordates,,Tissue,Cell,Organ,1.0,,,True,False,Biology to Design,https://wyss.harvard.edu/technology/endox-reimagining-endometriosis-care-through-precision-nanomedicine/,,,,,,,,,,,,,ENDOx,False,False,True,False,False,,
438,"Complete, no interview",,In Development,2022.0,2022,,,,,,,,False,,,True,GeneSkin,"mRNA therapy for skin and hair rejuvenation using microneedle delivery to target basal stem cells to reduce scarring, reverse aging, and promote hair growth.",,Basal epidermal stem cells,Bioutilizes biological stem cell self-renewal and differentiation programs,False,Animalia,Chordates,,Tissue,Cell,Organ,1.0,,,True,False,Biology to Design,https://wyss.harvard.edu/technology/geneskin-a-novel-mrna-therapy-for-skin-and-hair-rejuvenation/,,,,,,,,,,,,,GeneSkin,False,False,True,False,False,,
439,"Complete, no interview",,In Development,2022.0,2022,,,,,,,,True,,,True,Nixe,Bioinspired PFAS-free water-repellent textile coating technology with utility across multiple industries to reduce use of harmful forever chemicals.,,Lotus leaf; insect cuticle superhydrophobic surfaces,Biomimics lotus leaf and insect cuticle water-repellent nanostructures,True,Plantae,Plants,,Population,Organism,Community,1.0,,,True,False,Biology to Design,https://wyss.harvard.edu/technology/nixe-bioinspired-sustainable-and-water-repellent-textile-coating/,,,,,,,,,,,,,Nixe,False,True,False,False,False,,
440,"Complete, no interview",,In Development,2022.0,2022,,,,,,,,False,,,True,COPDx,Point-of-care rapid diagnostic test using novel biomarkers to triage COPD patients at high risk of acute exacerbations and guide treatment.,,Disease biomarkers,Bioutilizes biological disease biomarkers as diagnostic signals,False,Animalia,Chordates,,Organelle,Molecule,Cell,1.0,,,True,False,Biology to Design,https://wyss.harvard.edu/technology/copdx-rapid-diagnostic-to-triage-acute-exacerbations/,,,,,,,,,,,,,COPDx,False,False,True,False,False,,
441,"Complete, no interview",,In Development,2020.0,2020,,,,,,,,False,,,True,Blood Clot Dx,"Ultra-sensitive triage test that identifies patients at risk for blood clots before they occur, enabling proactive treatment to reduce complications and deaths.",,Blood coagulation cascade,Bioutilizes biological clotting cascade biomarkers for detection,False,Animalia,Chordates,,Organ,Tissue,Organ System,1.0,,,True,False,Biology to Design,https://wyss.harvard.edu/technology/blood-clot-dx/,,,,,,,,,,,,,Blood Clot Dx,False,False,True,False,False,,
442,"Complete, no interview",,In Development,2019.0,2019,,,,,,,,True,,,True,Injectable Hydrogel Adhesive,"Super-strong, stretchy, self-healing biomaterial adhesive that attaches to muscles and accelerates healing after injury.",,Extracellular matrix; mussel adhesion proteins,Biomimics ECM viscoelasticity and mussel adhesive protein underwater bonding,False,Animalia,Invertebrates,,Organ,Tissue,Organ System,2.0,,,True,False,Biology to Design,https://wyss.harvard.edu/technology/injectable-hydrogel-adhesive-for-improved-muscle-regeneration/,,,,,,,,,,,,,Injectable Hydrogel Adhesive,False,True,True,False,False,,
443,"Complete, no interview",,In Development,2022.0,2022,,,,,,,,False,,,True,MyoExo,Wearable diagnostic technology using strain sensors to accurately detect muscle rigidity in patients with Parkinson's disease and other neurological disorders.,,Neuromuscular mechanoreceptors,Biomimics neuromuscular sensing of muscle tone and rigidity,False,Animalia,Chordates,,Organ System,Organ,Organism,1.0,,,True,False,Biology to Design,https://wyss.harvard.edu/technology/myoexo-smart-wearable-sensors-for-parkinsons-disease/,,,,,,,,,,,,,MyoExo,False,False,True,False,False,,
444,"Complete, no interview",,In Development,2021.0,2021,,,,,,,,True,,,True,ReConstruct,"Platform for growing, vascularizing, and implanting patient-derived tissues enabling safer breast reconstruction after cancer surgery.",,Vascularized biological tissue,Bioutilizes patient-derived cells to grow vascularized tissue grafts,False,Animalia,Chordates,,Organ,Tissue,Organ System,2.0,,,True,False,Biology to Design,https://wyss.harvard.edu/technology/reconstruct/,,,,,,,,,,,,,ReConstruct,False,True,True,False,False,,
445,"Complete, no interview",,In Development,2022.0,2022,,,,,,,,False,,,True,Metabolically Labeled CAR-T Cells,Metabolic labeling approach for patient-derived T cells engineered to carry immune-enhancing cytokines on their surfaces to expand adoptive T cell therapies for solid tumors.,,T lymphocytes; cytokine biology,Bioutilizes patient T cells and cytokine biology for cancer immunotherapy,False,Animalia,Chordates,,Tissue,Cell,Organ,1.0,,,True,False,Biology to Design,https://wyss.harvard.edu/technology/metabolically-labeled-car-t-cells-against-cancermetabolic-t-cell-labeling-enhancing-t-cells-therapeutic-potential-with-immune-stimulating-cytokines/,,,,,,,,,,,,,Metabolically Labeled CAR-T Cells,False,False,True,False,False,,
446,"Complete, no interview",,In Development,2022.0,2022,,,,,,,,False,,,True,AminoX,Protein drug platform using non-standard amino acids so drugs only become active in tumor microenvironment to avoid immune-related adverse effects.,,Protein amino acid biochemistry,Bioinspired use of non-standard amino acids in protein drug engineering,False,Animalia,Chordates,,Organelle,Molecule,Cell,1.0,,,True,False,Biology to Design,https://wyss.harvard.edu/technology/aminox-making-biologics-safer-with-synthetic-biology-and-advanced-chemistry/,,,,,,,,,,,,,AminoX,False,False,True,False,False,,
447,"Complete, no interview",,In Development,2020.0,2020,,,,,,,,False,,,True,Engineered Live Biotherapeutic Product (eLBP),Safe and cost-effective therapeutic co-administered with beta-lactam antibiotics to protect the gut microbiome and prevent antibiotic resistance.,,Gut microbiome bacteria (engineered live bacteria),Bioutilizes engineered gut microbiome bacteria as live therapeutic agents,False,Monera,,,Organism,Organ System,Population,1.0,,,True,False,Biology to Design,https://wyss.harvard.edu/technology/engineered-live-biotherapeutic-product-elbp-to-protect-the-microbiome-from-antibiotics/,,,,,,,,,,,,,Engineered Live Biotherapeutic Product (eLBP),False,False,True,False,False,,
448,"Complete, no interview",,In Development,2022.0,2022,,,,,,,,False,,,True,Ichor,Addressing multiple age-related diseases by identifying genetic interventions to reprogram old cells to a younger state to improve cancer survival and cardiovascular health.,,Cellular epigenetic reprogramming,Bioinspired by epigenetic cellular rejuvenation found in stem cells,False,Animalia,Chordates,,Tissue,Cell,Organ,1.0,,,True,False,Biology to Design,https://wyss.harvard.edu/technology/ichor-reversing-aging/,,,,,,,,,,,,,Ichor,False,False,True,False,False,,
449,"Complete, no interview",,In Development,2021.0,2021,,,,,,,,False,,,True,NodeTX,Novel immunotherapy that leverages the body's innate ability to grow lymph nodes to fight tumors.,,Lymph node growth biology,Biomimics the body's natural ability to grow lymph nodes as immune organs,False,Animalia,Chordates,,Organ System,Organ,Organism,1.0,,,True,False,Biology to Design,https://wyss.harvard.edu/technology/nodetx-growing-temporary-lymph-nodes-to-treat-cancer/,,,,,,,,,,,,,NodeTX,False,False,True,False,False,,
450,"Complete, no interview",,In Development,2019.0,2019,,,,,,,,False,,,True,Immunostimulatory RNA Therapeutic,"Novel dsRNAs that stimulate the immune system to inhibit cancer, bacterial, and viral infections including SARS-CoV-2 and influenza.",,Viral dsRNA; innate immune RNA sensing,Bioutilizes viral dsRNA patterns that activate innate immune responses,False,,,,Tissue,Cell,Organ,1.0,,,True,False,Biology to Design,https://wyss.harvard.edu/technology/broad-spectrum-rna-therapeutic-for-covid-19-and-influenza-3/,,,,,,,,,,,,,Immunostimulatory RNA Therapeutic,False,False,True,False,False,,
451,"Complete, no interview",,In Development,2020.0,2020,,,,,,,,False,,,True,Cellular Backpacks for Cell Therapy,Macrophage-attaching particles that deliver molecules keeping immune cells in desired therapeutic state for cancer and autoimmune disorder treatment.,,Macrophage immune cell biology,Bioutilizes macrophage cells with attached particle-based drug payloads,False,Animalia,Chordates,,Tissue,Cell,Organ,1.0,,,True,False,Biology to Design,https://wyss.harvard.edu/technology/cellular-backpacks-to-slow-tumor-growth/,,,,,,,,,,,,,Cellular Backpacks for Cell Therapy,False,False,True,False,False,,
452,"Complete, no interview",,Commercially Available,2012.0,2012,,,,,,,,True,,Digital Biology,True,DNA Nanoswitch Calipers,First-of-their-kind DNA nanotechnology research tool leveraging DNA's molecular qualities to study post-translational protein modifications.,,DNA molecular hybridization,Bioutilizes DNA hybridization mechanics for molecular caliper measurements,False,Animalia,Chordates,,Organelle,Molecule,Cell,1.0,,,True,False,Biology to Design,https://wyss.harvard.edu/technology/dna-nanoswitch-calipers-for-single-molecule-proteomics/,,,,,,,,,,,,,DNA Nanoswitch Calipers,False,True,False,False,False,,
453,"Complete, no interview",,Commercially Available,2015.0,2015,,,,,,,,True,,Digital Biology,True,DNA Nanoswitches Lab-on-a-Molecule,"DNA nanotechnology platform for high-throughput, low-cost screening of chemical and biologic compounds to discover first-in-class therapeutics.",,DNA molecular recognition switches,Bioutilizes DNA conformational switching for molecular drug screening,False,Animalia,Chordates,,Organelle,Molecule,Cell,1.0,,,True,False,Biology to Design,https://wyss.harvard.edu/technology/lab-on-a-molecule-drug-discovery/,,,,,,,,,,,,,DNA Nanoswitches Lab-on-a-Molecule,False,True,False,False,False,,
454,"Complete, no interview",,Commercially Available,2017.0,2017,,,,,,,,True,,Digital Biology,True,DNA Nanostructures for Drug Delivery,Arbitrarily shaped DNA nanostructures built via DNA-brick self-assembly for nanofabrication and targeted drug delivery applications.,,DNA base-pairing self-assembly (DNA-brick),Bioutilizes DNA base-pairing self-assembly to form drug-delivery nanostructures,False,Animalia,Chordates,,Organelle,Molecule,Cell,2.0,,,True,False,Biology to Design,https://wyss.harvard.edu/technology/dna-nanostructures-for-drug-delivery/,,,,,,,,,,,,,DNA Nanostructures for Drug Delivery,False,True,True,False,False,,
455,"Complete, no interview",,Commercially Available,2018.0,2018,,,,,,,,True,,Digital Biology,True,DNA Nanotechnology Tools,Suite of diverse multifunctional DNA nanotechnological tools for clinical and biomedical research including diagnostics and therapy development.,,DNA molecular nanotechnology,Bioutilizes diverse DNA nanotechnology principles for biomedical applications,False,Animalia,Chordates,,Organelle,Molecule,Cell,2.0,,,True,False,Biology to Design,https://wyss.harvard.edu/technology/dna-nanotechnology-tools-from-design-to-applications/,,,,,,,,,,,,,DNA Nanotechnology Tools,False,True,True,False,False,,
456,"Complete, no interview",,In Development,2016.0,2016,,,,,,,,False,,,True,Instrument-Free Molecular Diagnostics,"Synthetic biology-based molecular diagnostics platform enabling low-cost, highly accurate diagnostic tests for non-clinical settings.",,Synthetic gene regulatory circuits,Bioinspired by natural RNA/DNA gene regulatory circuits for diagnostics,False,Animalia,Chordates,,Organelle,Molecule,Cell,1.0,,,True,False,Biology to Design,https://wyss.harvard.edu/technology/instrument-free-molecular-diagnostics/,,,,,,,,,,,,,Instrument-Free Molecular Diagnostics,False,False,True,False,False,,
457,"Complete, no interview",,In Development,2020.0,2020,,,,,,,,True,,,True,Crisscross Nanoseed Detection,Nanotech-based diagnostic platform using DNA nucleation mechanism to detect pathogen-derived biomarkers within 15 minutes for infectious disease diagnostics.,,DNA nucleation and self-assembly,Bioutilizes DNA nucleation seeding analogous to biological crystal nucleation,False,Animalia,Chordates,,Organelle,Molecule,Cell,1.0,,,True,False,Biology to Design,https://wyss.harvard.edu/technology/crisscross-nanoseed-detection-nanotechnology-powered-infectious-disease-diagnostics/,,,,,,,,,,,,,Crisscross Nanoseed Detection,False,True,False,False,False,,
458,"Complete, no interview",,Commercially Available,2016.0,2016,,,,,,,,True,,3EO Health,True,Paper-Based Diagnostics,Paper-based synthetic gene networks as next-generation diagnostic technology for global healthcare crises including epidemics and pandemics.,,Synthetic gene regulatory networks,Bioinspired by natural transcription factors and gene expression circuits,False,Animalia,Chordates,,Organelle,Molecule,Cell,1.0,,,True,False,Biology to Design,https://wyss.harvard.edu/technology/paper-based-diagnostics/,,,,,,,,,,,,,Paper-Based Diagnostics,False,False,True,False,False,,
459,"Complete, no interview",,Commercially Available,2017.0,2017,,,,,,,,True,,StataDX,True,eRapid,"Handheld multiplexed electrochemical sensor platform for fast, accurate, portable diagnostics applicable to a wide range of disease biomarkers.",,Enzyme-based electrochemical biosensing,Bioinspired by enzyme-substrate electrochemical detection in living systems,False,Animalia,Chordates,,Organelle,Molecule,Cell,1.0,,,True,False,Biology to Design,https://wyss.harvard.edu/technology/erapid-multiplexed-electrochemical-sensors-for-fast-accurate-portable-diagnostics/,,,,,,,,,,,,,eRapid,False,False,True,False,False,,
460,"Complete, no interview",,In Development,2021.0,2021,,,,,,,,False,,,True,Extracellular Vesicles for Biomarker Detection,Non-invasive method identifying biomarkers of disease across cell types using extracellular vesicles to develop diagnostics and monitoring systems.,,Cell-derived extracellular vesicles,Bioutilizes naturally secreted extracellular vesicles from cells as biomarker carriers,False,Animalia,Chordates,,Tissue,Cell,Organ,1.0,,,True,False,Biology to Design,https://wyss.harvard.edu/technology/extracellular-vesicles-for-biomarker-detection/,,,,,,,,,,,,,Extracellular Vesicles for Biomarker Detection,False,False,True,False,False,,
461,"Complete, no interview",,In Development,2020.0,2020,,,,,,,,False,,,True,Passive Directional Valve Technology,"Passive directional valves enabling smaller and more complex microfluidics for diagnostics, drug development, and tissue engineering applications.",,Biological one-way valves (venous; heart valves),Biomimics one-way biological valves (venous valves heart valves) for fluid flow,False,Animalia,Chordates,,Population,Organism,Community,1.0,,,True,False,Biology to Design,https://wyss.harvard.edu/technology/passive-directional-valve-technology-towards-more-user-friendly-and-accessible-microfluidic-devices-for-diagnostic-and-research-applications/,,,,,,,,,,,,,Passive Directional Valve Technology,False,True,False,False,False,,
462,"Complete, no interview",,In Development,2021.0,2021,,,,,,,,False,,,True,Soft Hydrogel Electrodes,Soft conductive hydrogels matching physical properties of the human brain for creating electrodes and implantable devices improving brain-machine interfaces.,,Brain tissue extracellular matrix,Biomimics the soft mechanical properties of brain ECM for implantable electrodes,False,Animalia,Chordates,,Organ,Tissue,Organ System,1.0,,,True,False,Biology to Design,https://wyss.harvard.edu/technology/soft-hydrogel-electrodes-for-better-safer-implants/,,,,,,,,,,,,,Soft Hydrogel Electrodes,False,True,False,False,False,,
463,"Complete, no interview",,In Development,2022.0,2022,,,,,,,,False,,,True,Sparkle,Novel chemistry-based instant fluorescent biosensors for real-time imaging and wide variety of diagnostic and research applications.,,Protein-ligand binding chemistry,Bioutilizes protein binding chemistry for instant fluorescent detection,False,Animalia,Chordates,,Organelle,Molecule,Cell,1.0,,,True,False,Biology to Design,https://wyss.harvard.edu/technology/sparkle-instant-biosensors-for-real-time-imaging/,,,,,,,,,,,,,Sparkle,False,False,True,False,False,,
464,"Complete, no interview",,In Development,2022.0,2022,,,,,,,,False,,,True,directEsense,Electrochemical biosensors using novel surface chemistry for portable point-of-care diagnostics to detect disease biomarkers in animals and humans.,,Enzyme surface chemistry,Bioutilizes enzyme-based surface chemistry for biosensor construction,False,Animalia,Chordates,,Organelle,Molecule,Cell,1.0,,,True,False,Biology to Design,https://wyss.harvard.edu/technology/directesense-revolutionizing-animal-diagnostic-testing-at-the-point-of-care/,,,,,,,,,,,,,directEsense,False,False,True,False,False,,
465,"Complete, no interview",,In Development,2021.0,2021,,,,,,,,False,,,True,wFDCF Face Masks,Wearable face mask diagnostic integrating freeze-dried cell-free synthetic biology for COVID-19 detection at point of care.,,Cell-free gene expression,Bioutilizes cell-free gene expression machinery (transcription-translation),False,Animalia,Chordates,,Tissue,Cell,Organ,1.0,,,True,False,Biology to Design,https://wyss.harvard.edu/technology/wfdcf-face-masks-a-wearable-covid-19-diagnostic/,,,,,,,,,,,,,wFDCF Face Masks,False,False,True,False,False,,
466,"Complete, no interview",,In Development,2022.0,2022,,,,,,,,False,,,True,Rapid Metabolite-Sensing for Blood Lactate,"Real-time point-of-care system measuring blood lactate levels as indicator of severity and mortality risk in sepsis, cardiac arrest, stroke, and other conditions.",,Enzyme-based metabolite sensing,Bioutilizes enzyme-based electrochemical lactate detection analogous to cellular metabolism,False,Animalia,Chordates,,Organelle,Molecule,Cell,1.0,,,True,False,Biology to Design,https://wyss.harvard.edu/technology/rapid-metabolite-sensing-system-for-blood-lactate/,,,,,,,,,,,,,Rapid Metabolite-Sensing for Blood Lactate,False,False,True,False,False,,
467,"Complete, no interview",,In Development,2021.0,2021,,,,,,,,False,,,True,abbieSense,Diagnostic test measuring histamine levels for anaphylaxis detection and management in people with severe allergies.,,Antibody/aptamer molecular recognition,Bioutilizes antibody/aptamer molecular recognition for histamine binding,False,Animalia,Chordates,,Organelle,Molecule,Cell,1.0,,,True,False,Biology to Design,https://wyss.harvard.edu/technology/abbiesense-anaphylaxis-diagnostic/,,,,,,,,,,,,,abbieSense,False,False,True,False,False,,
468,"Complete, no interview",,Commercially Available,2016.0,2016,,,,,,,,True,,Torus Biosystems,True,Toehold Switches,Synthetic biology gene circuits that recognize environmental molecules and regulate gene activities for diagnostic and therapeutic applications.,,RNA regulatory elements (riboswitches),Bioinspired by natural RNA riboswitch gene regulatory elements,False,Animalia,Chordates,,Organelle,Molecule,Cell,1.0,,,True,False,Biology to Design,https://wyss.harvard.edu/technology/toehold-switches-for-synthetic-biology/,,,,,,,,,,,,,Toehold Switches,False,False,True,False,False,,
469,"Complete, no interview",,In Development,2021.0,2021,,,,,,,,False,,WurQ,True,Project Abbie,"Wearable continuous monitoring device for anaphylaxis prevention in people at risk of severe allergic reactions triggered by foods, materials, or medications.",,Mast cell anaphylaxis biology,Bioinspired by mast cell degranulation biology in anaphylaxis response,False,Animalia,Chordates,,Tissue,Cell,Organ,1.0,,,True,False,Biology to Design,https://wyss.harvard.edu/technology/project-abbie/,,,,,,,,,,,,,Project Abbie,False,False,True,False,False,,
470,"Complete, no interview",,In Development,2022.0,2022,,,,,,,,False,,Lactation Biologics,True,Lactation Biologics,Long-lasting self-injectable treatment to help nursing mothers increase milk production naturally for better infant nutrition.,,Mammary gland lactation biology,Biomimics and bioutilizes mammary gland lactogenic hormone biology,False,Animalia,Chordates,,Organ System,Organ,Organism,1.0,,,True,False,Biology to Design,https://wyss.harvard.edu/technology/lactation-biologics-increasing-milk-production-for-healthier-babies/,,,,,,,,,,,,,Lactation Biologics,False,False,True,False,False,,
471,"Complete, no interview",,In Development,2020.0,2020,,,,,,,,False,,,True,Tunable ECMs for T Cell Therapies,Tunable hydrogels that enhance adoptively transferred immune cell efficacy during manufacturing by mimicking target tissue biomechanics.,,Extracellular matrix biomechanics,Biomimics ECM fibrous viscoelastic mechanical environment for T cell expansion,False,Animalia,Chordates,,Organ,Tissue,Organ System,1.0,,,True,False,Biology to Design,https://wyss.harvard.edu/technology/tunable-ecms-for-more-effective-t-cell-therapies/,,,,,,,,,,,,,Tunable ECMs for T Cell Therapies,False,True,False,False,False,,
472,"Complete, no interview",,In Development,2021.0,2021,,,,,,,,False,,,True,FeCILL,Novel antifungal drug delivery vehicle that targets drugs directly to infection sites reducing harmful side effects in severe fungal infections.,,Fungal iron siderophore acquisition,Bioinspired by fungal siderophore iron chelation for targeted antifungal delivery,False,Fungi,Fungi,,Population,Organism,Community,2.0,,,True,False,Biology to Design,https://wyss.harvard.edu/technology/fecill-targeted-treatment-for-severe-fungal-infections/,,,,,,,,,,,,,FeCILL,False,True,True,False,False,,
473,"Complete, no interview",,In Development,2021.0,2021,,,,,,,,False,,,True,Pancreatitis Tx,First disease-modifying engineered protein therapy that can be systemically applied to safely treat patients with different forms of pancreatitis.,,Pancreatic enzyme biology,Bioutilizes pancreatic enzyme protein biology for engineered therapeutic,False,Animalia,Chordates,,Organ System,Organ,Organism,1.0,,,True,False,Biology to Design,https://wyss.harvard.edu/technology/pancreatitis-tx/,,,,,,,,,,,,,Pancreatitis Tx,False,False,True,False,False,,
474,"Complete, no interview",,In Development,2021.0,2021,,,,,,,,False,,,True,CircaVent,"Drug discovery platform combining predictive algorithms, high-throughput preclinical models, and human organoids to identify drugs for mental health conditions.",,Circadian clock gene biology; brain organoids,Bioinspired by circadian clock gene regulatory networks in brain biology,False,Animalia,Chordates,,Tissue,Cell,Organ,1.0,,,True,False,Biology to Design,https://wyss.harvard.edu/technology/circavent-a-drug-discovery-platform-for-mental-health-conditions/,,,,,,,,,,,,,CircaVent,False,False,True,False,False,,
475,"Complete, no interview",,In Development,2022.0,2022,,,,,,,,False,,,True,Single-Cell Encapsulation,Immuno-material approach encapsulating mesenchymal stromal cells to prolong their activity in modulating the immune system for cell therapies.,,Cell niche microenvironment,Biomimics the in vivo cell niche microenvironment for mesenchymal cell encapsulation,False,Animalia,Chordates,,Tissue,Cell,Organ,1.0,,,True,False,Biology to Design,https://wyss.harvard.edu/technology/single-cell-encapsulation-for-improved-cell-therapies/,,,,,,,,,,,,,Single-Cell Encapsulation,False,False,True,False,False,,
476,"Complete, no interview",,In Development,2022.0,2022,,,,,,,,False,,,True,SomaCode,Cell therapy platform identifying unique molecular zip codes for disease and engineering cells to home to those sites for safer and more effective therapy.,,Cellular homing signals (chemokines),Bioinspired by chemokine-mediated cell homing signals in biology,False,Animalia,Chordates,,Tissue,Cell,Organ,1.0,,,True,False,Biology to Design,https://wyss.harvard.edu/technology/somacode-getting-cell-therapies-where-they-need-to-go/,,,,,,,,,,,,,SomaCode,False,False,True,False,False,,
477,"Complete, no interview",,In Development,2019.0,2019,,,,,,,,False,,,True,OMNIVAX,Immuno-material-based modular vaccine platform for safe and effective therapeutic and prophylactic vaccines against viral and bacterial threats.,,Lymph node immune architecture,Biomimics lymph node architecture with immune activation zones,False,Animalia,Chordates,,Organ System,Organ,Organism,2.0,,,True,False,Biology to Design,https://wyss.harvard.edu/technology/omnivax-broadly-deployable-infection-vaccine-platform/,,,,,,,,,,,,,OMNIVAX,False,True,True,False,False,,
478,"Complete, no interview",,In Development,2020.0,2020,,,,,,,,False,,,True,Bone Marrow-Like Scaffolds,Implantable bone marrow cryogel to accelerate full reconstitution of immune system including T cell immunity in post-chemotherapy patients.,,Bone marrow tissue architecture,Biomimics bone marrow 3D architecture and hematopoietic microenvironment,False,Animalia,Chordates,,Organ,Tissue,Organ System,1.0,,,True,False,Biology to Design,https://wyss.harvard.edu/technology/bone-marrow-like-scaffolds-for-accelerating-immune-reconstitution/,,,,,,,,,,,,,Bone Marrow-Like Scaffolds,False,True,False,False,False,,
479,"Complete, no interview",,In Development,2020.0,2020,,,,,,,,False,,,True,Injectable Alginate Hydrogels,"Biomaterial platform for localized drug delivery directly to target tissues to improve therapeutic effectiveness for cancer, pain, and other conditions.",,Extracellular matrix biology,Biomimics ECM molecular composition and mechanical properties,False,Animalia,Chordates,,Organ,Tissue,Organ System,1.0,,,True,False,Biology to Design,https://wyss.harvard.edu/technology/injectable-alginate-hydrogels-for-medical-applications/,,,,,,,,,,,,,Injectable Alginate Hydrogels,False,False,True,False,False,,
480,"Complete, no interview",,Commercially Available,2021.0,2021,,,,,,,,False,,Unravel Biosciences,True,CogniXense,Target-agnostic drug discovery platform for repurposing drugs for rare genetic diseases by combining computational prediction with animal model development.,,Biological animal models; brain organoids,Bioutilizes brain organoids derived from human pluripotent stem cells,False,Animalia,Chordates,,Tissue,Cell,Organ,1.0,,,True,False,Biology to Design,https://wyss.harvard.edu/technology/cognixense-modeling-cognitive-disorders/,,,,,,,,,,,,,CogniXense,False,False,True,False,False,,
481,"Complete, no interview",,In Development,2022.0,2022,,,,,,,,False,,,True,Engineered Brain Organoids,3D brain-like structures derived from pluripotent stem cells recapitulating tissue microenvironment for modeling neurological diseases and testing therapies.,,Neural brain organoid development,Bioutilizes 3D brain-like organoid models for disease modeling,False,Animalia,Chordates,,Organ System,Organ,Organism,1.0,,,True,False,Biology to Design,https://wyss.harvard.edu/technology/engineered-brain-organoids/,,,,,,,,,,,,,Engineered Brain Organoids,False,False,True,False,False,,
482,"Complete, no interview",,In Development,2020.0,2020,,,,,,,,False,,,True,Microfluidic Drug Encapsulation,Microfluidic platform for encapsulating biologic drugs to improve their delivery to target cells and tissues overcoming challenges of large molecular size.,,Cell membrane vesicular encapsulation,Biomimics cell membrane-based vesicular drug encapsulation,False,Animalia,Chordates,,Tissue,Cell,Organ,1.0,,,True,False,Biology to Design,https://wyss.harvard.edu/technology/microfluidic-drug-encapsulation/,,,,,,,,,,,,,Microfluidic Drug Encapsulation,False,False,True,False,False,,
483,"Complete, no interview",,Commercially Available,2019.0,2019,,,,,,,,False,,,True,Focused Rotary Jet Spinning,Manufacturing technique that rapidly spins polymers into long fibers easily shaped into heart valves for treating cardiac diseases in children and adults.,,Fibrous ECM; heart valve leaflet tissue,Biomimics fibrous ECM of heart valve leaflets using rotary jet spinning,False,Animalia,Chordates,,Organ,Tissue,Organ System,1.0,,,True,False,Biology to Design,https://wyss.harvard.edu/technology/jetvalve-for-heart-regeneration/,,,,,,,,,,,,,Focused Rotary Jet Spinning,False,True,False,False,False,,
484,"Complete, no interview",,In Development,2021.0,2021,,,,,,,,False,,,True,Cell-Free Biomolecule Manufacturing,"Cell-free biomolecular manufacturing method producing vaccines, antimicrobial peptides, and antibody conjugates anywhere without electricity or refrigeration.",,Cell-free biological expression machinery,Bioutilizes cell-free transcription-translation biological expression systems,False,Animalia,Chordates,,Tissue,Cell,Organ,2.0,,,True,False,Biology to Design,https://wyss.harvard.edu/technology/cell-free-biomolecule-manufacturing/,,,,,,,,,,,,,Cell-Free Biomolecule Manufacturing,False,True,True,False,False,,
485,"Complete, no interview",,In Development,2022.0,2022,,,,,,,,False,,,True,NanoRx,Novel drug targeting nanotechnology activated by mechanical forces including endogenous blood shear stress or ultrasound for treating vascular blockage.,,Vascular blood flow shear stress,Bioinspired by endogenous blood shear stress activation of platelet aggregation,False,Animalia,Chordates,,Tissue,Cell,Organ,2.0,,,True,False,Biology to Design,https://wyss.harvard.edu/technology/nanorx-mechanically-activated-drug-targeting/,,,,,,,,,,,,,NanoRx,False,True,True,False,False,,
486,"Complete, no interview",,Commercially Available,2016.0,2016,,,,,,,,True,,,True,3D Bioprinting of Living Tissues,Bioprinting platform using cells and biomaterials to construct living tissue constructs for organ engineering and transplantation applications.,,Living tissue; organ architecture,Bioutilizes living cells and ECM proteins for organ-level tissue construction,False,Animalia,Chordates,,Organ System,Organ,Organism,1.0,,,True,False,Biology to Design,https://wyss.harvard.edu/technology/3d-bioprinting/,,,,,,,,,,,,,3D Bioprinting of Living Tissues,False,False,True,False,False,,
487,"Complete, no interview",,Commercially Available,2019.0,2019,,,,,,,,False,,,True,Sugar-to-Fiber Enzyme,Enzyme that converts sugar in food products into prebiotic fiber in the human gut reducing sugar absorption without altering food recipes.,,Gut microbiome enzyme (saccharolytic),Bioutilizes saccharolytic gut microbiome enzyme for in-gut fiber conversion,False,Monera,,,Organelle,Molecule,Cell,1.0,,,True,False,Biology to Design,https://wyss.harvard.edu/technology/sugar-to-fiber-enzyme-for-healthier-food/,,,,,,,,,,,,,Sugar-to-Fiber Enzyme,False,False,True,False,False,,
488,"Complete, no interview",,Commercially Available,2016.0,2016,,,,,,,,True,,Amend Surgical,True,Tough Gel Adhesives for Wound Healing,Tough hydrogel adhesives for sealing internal wounds and bleeding in surgical and trauma applications as an alternative to staples and stitches.,,Mussel adhesive protein (Mytilus edulis),Biomimics mussel adhesive protein (Mytilus edulis) underwater wet adhesion,False,Animalia,Invertebrates,,Population,Organism,Community,1.0,,,True,False,Biology to Design,https://wyss.harvard.edu/technology/tough-gel-adhesives-for-wound-healing/,,,,,,,,,,,,,Tough Gel Adhesives for Wound Healing,False,False,True,False,False,,
489,"Complete, no interview",,In Development,2020.0,2020,,,,,,,,False,,,True,Microrobotic Laser-Steering,Microrobotic endoscope-compatible laser-steering medical device for precise minimally invasive gastrointestinal and other surgical procedures.,,Endoscopic bionics; surgical robotics,Bioinspired bionics for minimally invasive endoscopic surgical manipulation,False,Animalia,Chordates,,Organism,Organ System,Population,1.0,,,True,False,Biology to Design,https://wyss.harvard.edu/technology/microrobotic-laser-steering-medical-device-for-minimally-invasive-surgery-3/,,,,,,,,,,,,,Microrobotic Laser-Steering,False,False,True,False,False,,
490,"Complete, no interview",,In Development,2020.0,2020,,,,,,,,False,,,True,Low-Cost Tactile Displays,Affordable tactile display technology for the blind and visually impaired enabling access to digital information through touch.,,Tactile mechanoreceptor biology,Bioinspired bionics for tactile information access for blind individuals,False,Animalia,Chordates,,Tissue,Cell,Organ,1.0,,,True,False,Biology to Design,https://wyss.harvard.edu/technology/low-cost-tactile-displays-for-the-blind-and-visually-impaired/,,,,,,,,,,,,,Low-Cost Tactile Displays,False,True,False,False,False,,
491,"Complete, no interview",,Commercially Available,2016.0,2016,,,,,,,,True,,Imago Rehab,True,FOAMs Soft Robotic Artificial Muscles,"Soft robotic artificial muscles enabling smooth, efficient, and adaptive motion for industrial, exploratory, and medical soft robot applications.",,Skeletal muscle fiber structure,Biomimics skeletal muscle fiber structural organization for soft actuators,False,Animalia,Chordates,,Organ,Tissue,Organ System,1.0,,,True,False,Biology to Design,https://wyss.harvard.edu/technology/foams-soft-robotic-artificial-muscles/,,,,,,,,,,,,,FOAMs Soft Robotic Artificial Muscles,False,True,False,False,False,,
492,"Complete, no interview",,Commercially Available,2011.0,2011,,,,,,,,True,,Adaptive Surface Technologies,True,Liquid-Infused Tympanostomy Tubes,Ear tubes coated with liquid-infused polymers forming a frictionless biofouling-resistant layer reducing bacterial adhesion by 99% compared to conventional tubes.,,Pitcher plant (Nepenthes) slippery surface,Biomimics pitcher plant (Nepenthes) slippery peristome surface liquid infusion,True,Plantae,Plants,,Population,Organism,Community,2.0,,,True,False,Biology to Design,https://wyss.harvard.edu/technology/liquid-infused-tympanostomy-tubes/,,,,,,,,,,,,,Liquid-Infused Tympanostomy Tubes,False,True,True,False,False,,
493,"Complete, no interview",,In Development,2019.0,2019,,,,,,,,False,,,True,Flexible Force Sensors for Microrobotics,Flexible force sensors using Pop-Up MEMS manufacturing for soft robots to enable tactile sensing and safe interaction with objects at tiny scales.,,Insect exoskeleton; arthropod mechanoreceptors,Bioinspired by arthropod exoskeleton microstructures using pop-up MEMS fabrication,False,Animalia,Invertebrates,,Population,Organism,Community,2.0,,,True,False,Biology to Design,https://wyss.harvard.edu/technology/flexible-force-sensors-for-microrobotics/,,,,,,,,,,,,,Flexible Force Sensors for Microrobotics,False,True,True,False,False,,
494,"Complete, no interview",,Commercially Available,2018.0,2018,,,,,,,,False,,,True,Flexible Robots for Endoscopic Procedures,Flexible endoscopic robots improving maneuverability and capability for gastrointestinal medical procedures and biopsies.,,Soft-bodied organism locomotion,Bioinspired by soft-bodied organism locomotion for flexible endoscopy,False,Animalia,Chordates,,Population,Organism,Community,2.0,,,True,False,Biology to Design,https://wyss.harvard.edu/technology/flexible-robots-for-endoscopic-procedures/,,,,,,,,,,,,,Flexible Robots for Endoscopic Procedures,False,True,True,False,False,,
495,"Complete, no interview",,In Development,2015.0,2015,,,,,,,,True,,ReWalk Robotics,True,Soft Robotic Shoulder Support,Portable wearable soft robotic exosuit for stroke rehabilitation providing shoulder assistance to increase frequency and effectiveness of arm therapy.,,Muscle-tendon actuator mechanics,Biomimics muscle-tendon actuator mechanics for wearable shoulder support,False,Animalia,Chordates,,Organ,Tissue,Organ System,1.0,,,True,False,Biology to Design,https://wyss.harvard.edu/technology/soft-wearable-shoulder-assistive-device/,,,,,,,,,,,,,Soft Robotic Shoulder Support,False,True,False,False,False,,
496,"Complete, no interview",,In Development,2017.0,2017,,,,,,,,False,,,True,Pop-Up MEMS,Origami-inspired micromanufacturing technique for producing complex 3D microelectromechanical systems at mesoscale with varied materials.,,Insect wing unfolding; origami in nature,Bioinspired by insect wing folding origami geometry for microfabrication,False,Animalia,Invertebrates,,Population,Organism,Community,1.0,,,True,False,Biology to Design,https://wyss.harvard.edu/technology/pop-up-mems-origami-inspired-micromanufacturing/,,,,,,,,,,,,,Pop-Up MEMS,False,True,False,False,False,,
497,"Complete, no interview",,In Development,2016.0,2016,,,,,,,,False,,,True,4D Printing of Shapeshifting Devices,Biomimetic 4D printing technology creating objects that shapeshift in response to environmental changes like humidity and temperature.,,Plant tendril; flower petal hygroscopic shapeshifting,Biomimics plant tendril and flower hygroscopic shapeshifting from humidity changes,False,Plantae,Plants,,Population,Organism,Community,1.0,,,True,False,Biology to Design,https://wyss.harvard.edu/technology/4d-printing/,,,,,,,,,,,,,4D Printing of Shapeshifting Devices,False,False,True,False,False,,
498,"Complete, no interview",,In Development,2022.0,2022,,,,,,,,False,,,True,Flexi-Mitts,Pediatric wearable gloves with sensors for early neuromotor and cognitive assessment of very low birth weight premature infants.,,Infant neuromuscular development,Bioutilizes infant neurodevelopmental biology for early neuromotor assessment,False,Animalia,Chordates,,Organ System,Organ,Organism,2.0,,,True,False,Biology to Design,https://wyss.harvard.edu/technology/flexi-mitts-neuromoter-and-cognitive-ability-tracker/,,,,,,,,,,,,,Flexi-Mitts,False,True,True,False,False,,
499,"Complete, no interview",,Commercially Available,2021.0,2021,,,,,,,,False,,Metalmark,True,Catalytic Materials for Air Purification,Catalytic coating materials inspired by butterfly wing nanostructures enabling affordable and efficient air purification for diverse applications.,,Butterfly wing nanostructure (photonic),Biomimics butterfly wing photonic nanostructures for catalytic air purification,True,Animalia,Invertebrates,,Population,Organism,Community,1.0,,,True,False,Biology to Design,https://wyss.harvard.edu/technology/catalytic-materials-cheaper-better-air-purification-for-a-healthier-world/,,,,,,,,,,,,,Catalytic Materials for Air Purification,False,True,False,False,False,,
500,"Complete, no interview",,In Development,2018.0,2018,,,,,,,,False,,,True,Origami-Inspired Radiant Cooling,Origami-inspired microfluidic water-circuit cooling devices for building interiors using foldable designs with increased surface area for efficient cooling.,,Leaf venation geometry; origami-inspired cooling,Bioinspired by leaf venation and origami geometry for efficient cooling surfaces,False,Plantae,Plants,,Population,Organism,Community,2.0,,,True,False,Biology to Design,https://wyss.harvard.edu/technology/origami-inspired-radiant-cooling-for-improved-thermal-health/,,,,,,,,,,,,,Origami-Inspired Radiant Cooling,False,True,True,False,False,,
501,"Complete, no interview",,Commercially Available,2020.0,2020,,,,,,,,False,,Circe Bioscience,True,Bioplastics,Biodegradable plastics derived from biological sources as sustainable alternatives to conventional petroleum-based plastics reducing environmental accumulation.,,Biological polymer synthesis (chitin; cellulose; PHA),Bioutilizes biologically derived polymers (chitin cellulose PHA) for sustainable plastics,True,Plantae,Plants,,Population,Organism,Community,1.0,,,True,False,Biology to Design,https://wyss.harvard.edu/technology/bioplastic/,,,,,,,,,,,,,Bioplastics,False,False,True,False,False,,
502,"Complete, no interview",,In Development,2021.0,2021,,,,,,,,False,,,True,Liquid-Gated Membranes for Filtration,Flow-gating membranes mimicking biological pores that control absorption and excretion of fluids in response to environmental conditions for filtration.,,Biological gated ion channels; aquaporins,Biomimics biological gated pore systems (ion channels aquaporins) for filtration,False,Animalia,Chordates,,Tissue,Cell,Organ,1.0,,,True,False,Biology to Design,https://wyss.harvard.edu/technology/liquid-gated-membranes-for-filtration/,,,,,,,,,,,,,Liquid-Gated Membranes for Filtration,False,False,True,False,False,,
503,"Complete, no interview",,In Development,2019.0,2019,,,,,,,,False,,,True,DNA Data Storage,Using DNA as ultra-dense and highly durable medium for digital data storage surpassing silicon-based storage in density and durability.,,DNA molecular biology; genetic information,Bioutilizes DNA molecule as ultra-dense information storage medium,False,Animalia,Chordates,,Organelle,Molecule,Cell,2.0,,,True,False,Biology to Design,https://wyss.harvard.edu/technology/dna-data-storage/,,,,,,,,,,,,,DNA Data Storage,False,True,True,False,False,,
504,"Complete, no interview",,Commercially Available,2020.0,2020,,,,,,,,True,,Gameto,True,OvaVasc,Enhanced ovarian tissue engraftment platform to improve fertility restoration outcomes for cancer survivors and others who need ovarian preservation.,,Ovarian tissue vascularization biology,Bioutilizes biological vascularization processes for ovarian tissue engraftment,False,Monera,,,Organ,Tissue,Organ System,1.0,,,True,False,Biology to Design,https://wyss.harvard.edu/technologies/womens-health/,,,,,,,,,,,,,OvaVasc,False,False,True,False,False,,
505,"Complete, no interview",,Commercially Available,2013.0,2013,,,,,,,,True,,Editas Medicine,True,CRISPR-Based Vaginal Microbiota Diagnostic,Rapid CRISPR-based diagnostic platform for assessing vaginal bacterial composition and microbiota health.,,CRISPR-Cas9 bacterial immune system,Bioutilizes CRISPR-Cas9 bacterial adaptive immune system for microbiome diagnostics,False,Animalia,Chordates,,Organelle,Molecule,Cell,2.0,,,True,False,Biology to Design,https://wyss.harvard.edu/technologies/womens-health/,,,,,,,,,,,,,CRISPR-Based Vaginal Microbiota Diagnostic,False,True,True,False,False,,
506,"Complete, no interview",,Commercially Available,2012.0,2012,,,,,,,,True,,,True,,,,Intestinal epithelium; organ-on-chip model,Biomimics intestinal epithelial tissue structure in organ-on-chip for drug testing,False,Monera,,,Organ,Tissue,Organ System,2.0,,,True,False,Biology to Design,,,,,,,,,,,,,,Intestinal epithelium; organ-on-chip model-inspired design,False,True,True,False,False,,
507,"Complete, no interview",,Commercially Available,2017.0,2017,,,,,,,,True,,Emulate,True,Stroma Tx,Organs-on-chip platform investigating safe pregnancy treatments for inflammatory bowel disease patients.,,Gut epithelial lining; organ-on-chip,Biomimics gut epithelial lining with microfluidic organ-on-chip for IBD modeling,False,Animalia,Chordates,,Organ,Tissue,Organ System,2.0,,,True,False,Biology to Design,https://wyss.harvard.edu/technologies/womens-health/,,,,,,,,,,,,,Stroma Tx,False,True,True,False,False,,
508,"Complete, no interview",,Commercially Available,2018.0,2018,,,,,,,,False,,Emulate,True,IBD ID,Human Organ Chip platform for finding novel anti-inflammatory drugs for Inflammatory Bowel Disease.,,Lymphatic vessel biology,Biomimics lymphatic vessel biology in vitro with lymphatic-on-chip platform,False,Animalia,Chordates,,Organ,Tissue,Organ System,2.0,,,True,False,Biology to Design,https://wyss.harvard.edu/technologies/womens-health/,,,,,,,,,,,,,IBD ID,False,True,True,False,False,,
509,"Complete, no interview",,Commercially Available,2021.0,2021,,,,,,,,False,,,True,Lymphatics Medicines for Female Health,Bioengineered human lymphatic-on-chip platform for studying and developing medicines for lymphatic diseases affecting female health.,,Lymphoid organ architecture,Biomimics lymphoid organ structure with implantable engineered lymphoid organs,False,Animalia,Chordates,,Organ System,Organ,Organism,2.0,,,True,False,Biology to Design,https://wyss.harvard.edu/technologies/womens-health/,,,,,,,,,,,,,Lymphatics Medicines for Female Health,False,True,True,False,False,,
510,"Complete, no interview",,Commercially Available,2022.0,2022,,,,,,,,True,,,True,iNodes,Implantable engineered lymphoid organs for ovarian cancer immunotherapy.,,Cervical mucus biology; mucosal epithelium,Biomimics cervical mucosal epithelium and mucus biology in organ-on-chip model,False,Animalia,Chordates,,Organ,Tissue,Organ System,2.0,,,True,False,Biology to Design,https://wyss.harvard.edu/technologies/womens-health/,,,,,,,,,,,,,iNodes,False,True,True,False,False,,
511,"Complete, no interview",,Commercially Available,2010.0,2010,,,,,,,,False,,Emulate,True,Physiological Mucus-Producing Cervix Chip,Organ-on-a-chip model of human cervix for analyzing host-microbiome contributions to vaginal health and developing related therapies.,,,,False,Animalia,Chordates,,Organism,Organ System,Population,2.0,,,True,False,Biology to Design,https://wyss.harvard.edu/technologies/womens-health/,,,,,,,,,,,,,Physiological Mucus-Producing Cervix Chip,False,True,True,False,False,,
